Temperature,Cross_Region,Cross_Female,Cross,Female_Genotype,Mother_Population,Father_Population,Female_ID,Male_Genotype,Male_ID,Pollen_Viable,Flower_ID,Seed_Set
9,CCXCC,Conspecific,Conspecific,CC,SN,RZ,CC09A,CC,CC2,1,CC09AXCC2_1,49
9,CCXCC,Conspecific,Conspecific,CC,SN,RZ,CC09A,CC,CC2,1,CC09AXCC2_5,48
9,CCXCC,Conspecific,Conspecific,CC,SN,RZ,CC09A,CC,CC1,0.90682496,CC09AXCC1_4,47
9,CCXCC,Conspecific,Conspecific,CC,SN,RZ,CC09A,CC,CC1,0.90682496,CC09AXCC1_6,47
9,CCXCC,Conspecific,Conspecific,CC,SN,RZ,CC09A,CC,CC1,0.90682496,CC09AXCC1_3,47
9,CCXCC,Conspecific,Conspecific,CC,SN,RZ,CC09A,CC,CC2,1,CC09AXCC2_2,46
9,CCXCC,Conspecific,Conspecific,CC,SN,RZ,CC09A,CC,CC1,0.90682496,CC09AXCC1_5,45
9,CCXCC,Conspecific,Conspecific,CC,SN,RZ,CC09A,CC,CC2,1,CC09AXCC2_3,43
9,CCXCC,Conspecific,Conspecific,CC,SN,RZ,CC09A,CC,CC2,1,CC09AXCC2_4,43
9,CCXCC,Conspecific,Conspecific,CC,SN,RZ,CC09A,CC,CC1,0.90682496,CC09AXCC1_1,42
9,CCXCC,Conspecific,Conspecific,CC,SN,RZ,CC09A,CC,CC2,1,CC09AXCC2_6,40
9,CCXCC,Conspecific,Conspecific,CC,SN,RZ,CC09A,CC,CC1,0.90682496,CC09AXCC1_2,35
9,CCXPP,Conspecific,Heterospecific,CC,SN,RZ,CC09A,CC,PP1,1,CC09AXPP1_3,5
9,CCXPP,Conspecific,Heterospecific,CC,SN,RZ,CC09A,CC,PP2,1,CC09AXPP2_1,4
9,CCXPP,Conspecific,Heterospecific,CC,SN,RZ,CC09A,CC,PP1,1,CC09AXPP1_6,3
9,CCXPP,Conspecific,Heterospecific,CC,SN,RZ,CC09A,CC,PP1,1,CC09AXPP1_2,2
9,CCXPP,Conspecific,Heterospecific,CC,SN,RZ,CC09A,CC,PP2,1,CC09AXPP2_5,2
9,CCXPP,Conspecific,Heterospecific,CC,SN,RZ,CC09A,CC,PP1,1,CC09AXPP1_4,1
9,CCXPP,Conspecific,Heterospecific,CC,SN,RZ,CC09A,CC,PP2,1,CC09AXPP2_3,1
9,CCXPP,Conspecific,Heterospecific,CC,SN,RZ,CC09A,CC,PP2,1,CC09AXPP2_6,1
9,CCXPP,Conspecific,Heterospecific,CC,SN,RZ,CC09A,CC,PP2,1,CC09AXPP2_2,0
9,CCXPP,Conspecific,Heterospecific,CC,SN,RZ,CC09A,CC,PP2,1,CC09AXPP2_4,0
9,CCXPP,Conspecific,Heterospecific,CC,SN,RZ,CC09A,CC,PP1,1,CC09AXPP1_1,0
9,CCXPP,Conspecific,Heterospecific,CC,SN,RZ,CC09A,CC,PP1,1,CC09AXPP1_5,0
9,CCXCC,Conspecific,Conspecific,CC,SN,SN,CC09B,CC,CC1,0.90682496,CC09BXCC1_2,55
9,CCXCC,Conspecific,Conspecific,CC,SN,SN,CC09B,CC,CC1,0.90682496,CC09BXCC1_6,53
9,CCXCC,Conspecific,Conspecific,CC,SN,SN,CC09B,CC,CC2,1,CC09BXCC2_5,51
9,CCXCC,Conspecific,Conspecific,CC,SN,SN,CC09B,CC,CC2,1,CC09BXCC2_3,51
9,CCXCC,Conspecific,Conspecific,CC,SN,SN,CC09B,CC,CC1,0.90682496,CC09BXCC1_3,49
9,CCXCC,Conspecific,Conspecific,CC,SN,SN,CC09B,CC,CC2,1,CC09BXCC2_1,47
9,CCXCC,Conspecific,Conspecific,CC,SN,SN,CC09B,CC,CC1,0.90682496,CC09BXCC1_4,45
9,CCXCC,Conspecific,Conspecific,CC,SN,SN,CC09B,CC,CC2,1,CC09BXCC2_6,45
9,CCXCC,Conspecific,Conspecific,CC,SN,SN,CC09B,CC,CC1,0.90682496,CC09BXCC1_5,44
9,CCXCC,Conspecific,Conspecific,CC,SN,SN,CC09B,CC,CC2,1,CC09BXCC2_2,43
9,CCXCC,Conspecific,Conspecific,CC,SN,SN,CC09B,CC,CC1,0.90682496,CC09BXCC1_1,40
9,CCXCC,Conspecific,Conspecific,CC,SN,SN,CC09B,CC,CC2,1,CC09BXCC2_4,40
9,CCXPP,Conspecific,Heterospecific,CC,SN,SN,CC09B,CC,PP1,1,CC09BXPP1_1,3
9,CCXPP,Conspecific,Heterospecific,CC,SN,SN,CC09B,CC,PP1,1,CC09BXPP1_2,3
9,CCXPP,Conspecific,Heterospecific,CC,SN,SN,CC09B,CC,PP2,1,CC09BXPP2_5,3
9,CCXPP,Conspecific,Heterospecific,CC,SN,SN,CC09B,CC,PP1,1,CC09BXPP1_4,3
9,CCXPP,Conspecific,Heterospecific,CC,SN,SN,CC09B,CC,PP2,1,CC09BXPP2_1,2
9,CCXPP,Conspecific,Heterospecific,CC,SN,SN,CC09B,CC,PP2,1,CC09BXPP2_6,1
9,CCXPP,Conspecific,Heterospecific,CC,SN,SN,CC09B,CC,PP2,1,CC09BXPP2_2,1
9,CCXPP,Conspecific,Heterospecific,CC,SN,SN,CC09B,CC,PP2,1,CC09BXPP2_4,0
9,CCXPP,Conspecific,Heterospecific,CC,SN,SN,CC09B,CC,PP1,1,CC09BXPP1_5,0
9,CCXPP,Conspecific,Heterospecific,CC,SN,SN,CC09B,CC,PP1,1,CC09BXPP1_3,0
9,CCXPP,Conspecific,Heterospecific,CC,SN,SN,CC09B,CC,PP1,1,CC09BXPP1_6,0
9,CCXPP,Conspecific,Heterospecific,CC,SN,SN,CC09B,CC,PP2,1,CC09BXPP2_3,0
9,PPXCC,Conspecific,Heterospecific,PP,KZ,KZ,PP09A,CC,CC1,0.90682496,PP09AXCC1_3,31
9,PPXCC,Conspecific,Heterospecific,PP,KZ,KZ,PP09A,CC,CC2,1,PP09AXCC2_2,30
9,PPXCC,Conspecific,Heterospecific,PP,KZ,KZ,PP09A,CC,CC2,1,PP09AXCC2_4,29
9,PPXCC,Conspecific,Heterospecific,PP,KZ,KZ,PP09A,CC,CC1,0.90682496,PP09AXCC1_5,27
9,PPXCC,Conspecific,Heterospecific,PP,KZ,KZ,PP09A,CC,CC2,1,PP09AXCC2_1,27
9,PPXCC,Conspecific,Heterospecific,PP,KZ,KZ,PP09A,CC,CC1,0.90682496,PP09AXCC1_2,26
9,PPXCC,Conspecific,Heterospecific,PP,KZ,KZ,PP09A,CC,CC2,1,PP09AXCC2_3,26
9,PPXCC,Conspecific,Heterospecific,PP,KZ,KZ,PP09A,CC,CC1,0.90682496,PP09AXCC1_4,25
9,PPXCC,Conspecific,Heterospecific,PP,KZ,KZ,PP09A,CC,CC2,1,PP09AXCC2_5,23
9,PPXCC,Conspecific,Heterospecific,PP,KZ,KZ,PP09A,CC,CC1,0.90682496,PP09AXCC1_6,19
9,PPXCC,Conspecific,Heterospecific,PP,KZ,KZ,PP09A,CC,CC1,0.90682496,PP09AXCC1_1,15
9,PPXCC,Conspecific,Heterospecific,PP,KZ,KZ,PP09A,CC,CC2,1,PP09AXCC2_6,13
9,PPXPP,Conspecific,Conspecific,PP,KZ,KZ,PP09A,CC,PP1,1,PP09AXPP1_6,35
9,PPXPP,Conspecific,Conspecific,PP,KZ,KZ,PP09A,CC,PP2,1,PP09AXPP2_5,35
9,PPXPP,Conspecific,Conspecific,PP,KZ,KZ,PP09A,CC,PP1,1,PP09AXPP1_2,33
9,PPXPP,Conspecific,Conspecific,PP,KZ,KZ,PP09A,CC,PP1,1,PP09AXPP1_1,31
9,PPXPP,Conspecific,Conspecific,PP,KZ,KZ,PP09A,CC,PP1,1,PP09AXPP1_3,29
9,PPXPP,Conspecific,Conspecific,PP,KZ,KZ,PP09A,CC,PP1,1,PP09AXPP1_4,29
9,PPXPP,Conspecific,Conspecific,PP,KZ,KZ,PP09A,CC,PP1,1,PP09AXPP1_5,29
9,PPXPP,Conspecific,Conspecific,PP,KZ,KZ,PP09A,CC,PP2,1,PP09AXPP2_4,29
9,PPXPP,Conspecific,Conspecific,PP,KZ,KZ,PP09A,CC,PP2,1,PP09AXPP2_6,28
9,PPXPP,Conspecific,Conspecific,PP,KZ,KZ,PP09A,CC,PP2,1,PP09AXPP2_2,28
9,PPXPP,Conspecific,Conspecific,PP,KZ,KZ,PP09A,CC,PP2,1,PP09AXPP2_3,26
9,PPXPP,Conspecific,Conspecific,PP,KZ,KZ,PP09A,CC,PP2,1,PP09AXPP2_1,25
9,PPXCC,Conspecific,Heterospecific,PP,SZ,SZ,PP09B,CC,CC2,1,PP09BXCC2_5,33
9,PPXCC,Conspecific,Heterospecific,PP,SZ,SZ,PP09B,CC,CC2,1,PP09BXCC2_6,32
9,PPXCC,Conspecific,Heterospecific,PP,SZ,SZ,PP09B,CC,CC1,0.90682496,PP09BXCC1_1,29
9,PPXCC,Conspecific,Heterospecific,PP,SZ,SZ,PP09B,CC,CC1,0.90682496,PP09BXCC1_5,29
9,PPXCC,Conspecific,Heterospecific,PP,SZ,SZ,PP09B,CC,CC1,0.90682496,PP09BXCC1_3,29
9,PPXCC,Conspecific,Heterospecific,PP,SZ,SZ,PP09B,CC,CC2,1,PP09BXCC2_2,25
9,PPXCC,Conspecific,Heterospecific,PP,SZ,SZ,PP09B,CC,CC1,0.90682496,PP09BXCC1_4,23
9,PPXCC,Conspecific,Heterospecific,PP,SZ,SZ,PP09B,CC,CC1,0.90682496,PP09BXCC1_2,20
9,PPXCC,Conspecific,Heterospecific,PP,SZ,SZ,PP09B,CC,CC2,1,PP09BXCC2_3,19
9,PPXCC,Conspecific,Heterospecific,PP,SZ,SZ,PP09B,CC,CC1,0.90682496,PP09BXCC1_6,17
9,PPXCC,Conspecific,Heterospecific,PP,SZ,SZ,PP09B,CC,CC2,1,PP09BXCC2_1,16
9,PPXCC,Conspecific,Heterospecific,PP,SZ,SZ,PP09B,CC,CC2,1,PP09BXCC2_4,13
9,PPXPP,Conspecific,Conspecific,PP,SZ,SZ,PP09B,CC,PP1,1,PP09BXPP1_6,35
9,PPXPP,Conspecific,Conspecific,PP,SZ,SZ,PP09B,CC,PP1,1,PP09BXPP1_3,33
9,PPXPP,Conspecific,Conspecific,PP,SZ,SZ,PP09B,CC,PP1,1,PP09BXPP1_4,32
9,PPXPP,Conspecific,Conspecific,PP,SZ,SZ,PP09B,CC,PP1,1,PP09BXPP1_2,29
9,PPXPP,Conspecific,Conspecific,PP,SZ,SZ,PP09B,CC,PP2,1,PP09BXPP2_6,29
9,PPXPP,Conspecific,Conspecific,PP,SZ,SZ,PP09B,CC,PP2,1,PP09BXPP2_2,28
9,PPXPP,Conspecific,Conspecific,PP,SZ,SZ,PP09B,CC,PP2,1,PP09BXPP2_3,28
9,PPXPP,Conspecific,Conspecific,PP,SZ,SZ,PP09B,CC,PP2,1,PP09BXPP2_1,27
9,PPXPP,Conspecific,Conspecific,PP,SZ,SZ,PP09B,CC,PP1,1,PP09BXPP1_5,27
9,PPXPP,Conspecific,Conspecific,PP,SZ,SZ,PP09B,CC,PP1,1,PP09BXPP1_1,27
9,PPXPP,Conspecific,Conspecific,PP,SZ,SZ,PP09B,CC,PP2,1,PP09BXPP2_4,25
9,PPXPP,Conspecific,Conspecific,PP,SZ,SZ,PP09B,CC,PP2,1,PP09BXPP2_5,20
9,CPXCC,Heterospecific,Het2,CP,RZ,SZ,CP09A,CC,CC1,0.90682496,CP09AXCC1_3,23
9,CPXCC,Heterospecific,Het2,CP,RZ,SZ,CP09A,CC,CC2,1,CP09AXCC2_6,21
9,CPXCC,Heterospecific,Het2,CP,RZ,SZ,CP09A,CC,CC1,0.90682496,CP09AXCC1_1,20
9,CPXCC,Heterospecific,Het2,CP,RZ,SZ,CP09A,CC,CC2,1,CP09AXCC2_4,20
9,CPXCC,Heterospecific,Het2,CP,RZ,SZ,CP09A,CC,CC1,0.90682496,CP09AXCC1_6,18
9,CPXCC,Heterospecific,Het2,CP,RZ,SZ,CP09A,CC,CC2,1,CP09AXCC2_1,18
9,CPXCC,Heterospecific,Het2,CP,RZ,SZ,CP09A,CC,CC1,0.90682496,CP09AXCC1_5,17
9,CPXCC,Heterospecific,Het2,CP,RZ,SZ,CP09A,CC,CC2,1,CP09AXCC2_5,15
9,CPXCC,Heterospecific,Het2,CP,RZ,SZ,CP09A,CC,CC1,0.90682496,CP09AXCC1_4,13
9,CPXCC,Heterospecific,Het2,CP,RZ,SZ,CP09A,CC,CC2,1,CP09AXCC2_2,13
9,CPXCC,Heterospecific,Het2,CP,RZ,SZ,CP09A,CC,CC1,0.90682496,CP09AXCC1_2,12
9,CPXCC,Heterospecific,Het2,CP,RZ,SZ,CP09A,CC,CC2,1,CP09AXCC2_3,11
9,CPXPP,Heterospecific,Het3,CP,RZ,SZ,CP09A,CC,PP1,1,CP09AXPP1_2,20
9,CPXPP,Heterospecific,Het3,CP,RZ,SZ,CP09A,CC,PP2,1,CP09AXPP2_2,20
9,CPXPP,Heterospecific,Het3,CP,RZ,SZ,CP09A,CC,PP2,1,CP09AXPP2_3,19
9,CPXPP,Heterospecific,Het3,CP,RZ,SZ,CP09A,CC,PP1,1,CP09AXPP1_3,17
9,CPXPP,Heterospecific,Het3,CP,RZ,SZ,CP09A,CC,PP2,1,CP09AXPP2_1,17
9,CPXPP,Heterospecific,Het3,CP,RZ,SZ,CP09A,CC,PP2,1,CP09AXPP2_6,17
9,CPXPP,Heterospecific,Het3,CP,RZ,SZ,CP09A,CC,PP2,1,CP09AXPP2_4,16
9,CPXPP,Heterospecific,Het3,CP,RZ,SZ,CP09A,CC,PP2,1,CP09AXPP2_5,15
9,CPXPP,Heterospecific,Het3,CP,RZ,SZ,CP09A,CC,PP1,1,CP09AXPP1_4,15
9,CPXPP,Heterospecific,Het3,CP,RZ,SZ,CP09A,CC,PP1,1,CP09AXPP1_5,15
9,CPXPP,Heterospecific,Het3,CP,RZ,SZ,CP09A,CC,PP1,1,CP09AXPP1_1,14
9,CPXPP,Heterospecific,Het3,CP,RZ,SZ,CP09A,CC,PP1,1,CP09AXPP1_6,13
9,CPXCC,Heterospecific,Het2,CP,SN,KZ,CP09B,CC,CC1,0.90682496,CP09BXCC1_4,19
9,CPXCC,Heterospecific,Het2,CP,SN,KZ,CP09B,CC,CC1,0.90682496,CP09BXCC1_6,17
9,CPXCC,Heterospecific,Het2,CP,SN,KZ,CP09B,CC,CC1,0.90682496,CP09BXCC1_1,17
9,CPXCC,Heterospecific,Het2,CP,SN,KZ,CP09B,CC,CC2,1,CP09BXCC2_3,16
9,CPXCC,Heterospecific,Het2,CP,SN,KZ,CP09B,CC,CC2,1,CP09BXCC2_6,16
9,CPXCC,Heterospecific,Het2,CP,SN,KZ,CP09B,CC,CC2,1,CP09BXCC2_2,15
9,CPXCC,Heterospecific,Het2,CP,SN,KZ,CP09B,CC,CC2,1,CP09BXCC2_4,15
9,CPXCC,Heterospecific,Het2,CP,SN,KZ,CP09B,CC,CC2,1,CP09BXCC2_5,15
9,CPXCC,Heterospecific,Het2,CP,SN,KZ,CP09B,CC,CC1,0.90682496,CP09BXCC1_3,14
9,CPXCC,Heterospecific,Het2,CP,SN,KZ,CP09B,CC,CC1,0.90682496,CP09BXCC1_2,12
9,CPXCC,Heterospecific,Het2,CP,SN,KZ,CP09B,CC,CC1,0.90682496,CP09BXCC1_5,11
9,CPXCC,Heterospecific,Het2,CP,SN,KZ,CP09B,CC,CC2,1,CP09BXCC2_1,11
9,CPXPP,Heterospecific,Het3,CP,SN,KZ,CP09B,CC,PP1,1,CP09BXPP1_2,17
9,CPXPP,Heterospecific,Het3,CP,SN,KZ,CP09B,CC,PP2,1,CP09BXPP2_6,17
9,CPXPP,Heterospecific,Het3,CP,SN,KZ,CP09B,CC,PP1,1,CP09BXPP1_3,16
9,CPXPP,Heterospecific,Het3,CP,SN,KZ,CP09B,CC,PP1,1,CP09BXPP1_1,15
9,CPXPP,Heterospecific,Het3,CP,SN,KZ,CP09B,CC,PP2,1,CP09BXPP2_5,15
9,CPXPP,Heterospecific,Het3,CP,SN,KZ,CP09B,CC,PP2,1,CP09BXPP2_2,14
9,CPXPP,Heterospecific,Het3,CP,SN,KZ,CP09B,CC,PP1,1,CP09BXPP1_4,14
9,CPXPP,Heterospecific,Het3,CP,SN,KZ,CP09B,CC,PP1,1,CP09BXPP1_6,14
9,CPXPP,Heterospecific,Het3,CP,SN,KZ,CP09B,CC,PP2,1,CP09BXPP2_1,13
9,CPXPP,Heterospecific,Het3,CP,SN,KZ,CP09B,CC,PP1,1,CP09BXPP1_5,11
9,CPXPP,Heterospecific,Het3,CP,SN,KZ,CP09B,CC,PP2,1,CP09BXPP2_4,10
9,CPXPP,Heterospecific,Het3,CP,SN,KZ,CP09B,CC,PP2,1,CP09BXPP2_3,8
9,PCXCC,Heterospecific,Het2,PC,KZ,RZ,PC09A,CC,CC1,0.90682496,PC09AXCC1_4,19
9,PCXCC,Heterospecific,Het2,PC,KZ,RZ,PC09A,CC,CC2,1,PC09AXCC2_3,19
9,PCXCC,Heterospecific,Het2,PC,KZ,RZ,PC09A,CC,CC1,0.90682496,PC09AXCC1_3,18
9,PCXCC,Heterospecific,Het2,PC,KZ,RZ,PC09A,CC,CC2,1,PC09AXCC2_2,17
9,PCXCC,Heterospecific,Het2,PC,KZ,RZ,PC09A,CC,CC1,0.90682496,PC09AXCC1_5,17
9,PCXCC,Heterospecific,Het2,PC,KZ,RZ,PC09A,CC,CC1,0.90682496,PC09AXCC1_1,17
9,PCXCC,Heterospecific,Het2,PC,KZ,RZ,PC09A,CC,CC1,0.90682496,PC09AXCC1_6,16
9,PCXCC,Heterospecific,Het2,PC,KZ,RZ,PC09A,CC,CC2,1,PC09AXCC2_1,15
9,PCXCC,Heterospecific,Het2,PC,KZ,RZ,PC09A,CC,CC2,1,PC09AXCC2_5,13
9,PCXCC,Heterospecific,Het2,PC,KZ,RZ,PC09A,CC,CC2,1,PC09AXCC2_6,13
9,PCXCC,Heterospecific,Het2,PC,KZ,RZ,PC09A,CC,CC2,1,PC09AXCC2_4,12
9,PCXCC,Heterospecific,Het2,PC,KZ,RZ,PC09A,CC,CC1,0.90682496,PC09AXCC1_2,11
9,PCXPP,Heterospecific,Het3,PC,KZ,RZ,PC09A,CC,PP2,1,PC09AXPP2_2,23
9,PCXPP,Heterospecific,Het3,PC,KZ,RZ,PC09A,CC,PP1,1,PC09AXPP1_6,19
9,PCXPP,Heterospecific,Het3,PC,KZ,RZ,PC09A,CC,PP2,1,PC09AXPP2_4,19
9,PCXPP,Heterospecific,Het3,PC,KZ,RZ,PC09A,CC,PP1,1,PC09AXPP1_4,17
9,PCXPP,Heterospecific,Het3,PC,KZ,RZ,PC09A,CC,PP2,1,PC09AXPP2_3,17
9,PCXPP,Heterospecific,Het3,PC,KZ,RZ,PC09A,CC,PP1,1,PC09AXPP1_2,17
9,PCXPP,Heterospecific,Het3,PC,KZ,RZ,PC09A,CC,PP2,1,PC09AXPP2_1,17
9,PCXPP,Heterospecific,Het3,PC,KZ,RZ,PC09A,CC,PP1,1,PC09AXPP1_3,15
9,PCXPP,Heterospecific,Het3,PC,KZ,RZ,PC09A,CC,PP1,1,PC09AXPP1_1,13
9,PCXPP,Heterospecific,Het3,PC,KZ,RZ,PC09A,CC,PP1,1,PC09AXPP1_5,13
9,PCXPP,Heterospecific,Het3,PC,KZ,RZ,PC09A,CC,PP2,1,PC09AXPP2_5,11
9,PCXPP,Heterospecific,Het3,PC,KZ,RZ,PC09A,CC,PP2,1,PC09AXPP2_6,11
9,PCXCC,Heterospecific,Het2,PC,SZ,SN,PC09B,CC,CC2,1,PC09BXCC2_5,19
9,PCXCC,Heterospecific,Het2,PC,SZ,SN,PC09B,CC,CC1,0.90682496,PC09BXCC1_6,16
9,PCXCC,Heterospecific,Het2,PC,SZ,SN,PC09B,CC,CC2,1,PC09BXCC2_2,16
9,PCXCC,Heterospecific,Het2,PC,SZ,SN,PC09B,CC,CC2,1,PC09BXCC2_3,16
9,PCXCC,Heterospecific,Het2,PC,SZ,SN,PC09B,CC,CC2,1,PC09BXCC2_4,16
9,PCXCC,Heterospecific,Het2,PC,SZ,SN,PC09B,CC,CC1,0.90682496,PC09BXCC1_2,15
9,PCXCC,Heterospecific,Het2,PC,SZ,SN,PC09B,CC,CC2,1,PC09BXCC2_6,15
9,PCXCC,Heterospecific,Het2,PC,SZ,SN,PC09B,CC,CC1,0.90682496,PC09BXCC1_1,14
9,PCXCC,Heterospecific,Het2,PC,SZ,SN,PC09B,CC,CC1,0.90682496,PC09BXCC1_5,14
9,PCXCC,Heterospecific,Het2,PC,SZ,SN,PC09B,CC,CC2,1,PC09BXCC2_1,12
9,PCXCC,Heterospecific,Het2,PC,SZ,SN,PC09B,CC,CC1,0.90682496,PC09BXCC1_4,12
9,PCXCC,Heterospecific,Het2,PC,SZ,SN,PC09B,CC,CC1,0.90682496,PC09BXCC1_3,11
9,PCXPP,Heterospecific,Het3,PC,SZ,SN,PC09B,CC,PP2,1,PC09BXPP2_5,19
9,PCXPP,Heterospecific,Het3,PC,SZ,SN,PC09B,CC,PP1,1,PC09BXPP1_2,18
9,PCXPP,Heterospecific,Het3,PC,SZ,SN,PC09B,CC,PP1,1,PC09BXPP1_4,17
9,PCXPP,Heterospecific,Het3,PC,SZ,SN,PC09B,CC,PP2,1,PC09BXPP2_6,17
9,PCXPP,Heterospecific,Het3,PC,SZ,SN,PC09B,CC,PP1,1,PC09BXPP1_1,16
9,PCXPP,Heterospecific,Het3,PC,SZ,SN,PC09B,CC,PP2,1,PC09BXPP2_1,15
9,PCXPP,Heterospecific,Het3,PC,SZ,SN,PC09B,CC,PP1,1,PC09BXPP1_3,15
9,PCXPP,Heterospecific,Het3,PC,SZ,SN,PC09B,CC,PP2,1,PC09BXPP2_2,15
9,PCXPP,Heterospecific,Het3,PC,SZ,SN,PC09B,CC,PP1,1,PC09BXPP1_5,15
9,PCXPP,Heterospecific,Het3,PC,SZ,SN,PC09B,CC,PP2,1,PC09BXPP2_3,13
9,PCXPP,Heterospecific,Het3,PC,SZ,SN,PC09B,CC,PP1,1,PC09BXPP1_6,13
9,PCXPP,Heterospecific,Het3,PC,SZ,SN,PC09B,CC,PP2,1,PC09BXPP2_4,11
14,CCXCC,Conspecific,Conspecific,CC,RZ,RZ,CC14A,CC,CC2,1,CC14AXCC2_3,53
14,CCXCC,Conspecific,Conspecific,CC,RZ,RZ,CC14A,CC,CC2,1,CC14AXCC2_1,51
14,CCXCC,Conspecific,Conspecific,CC,RZ,RZ,CC14A,CC,CC1,0.90682496,CC14AXCC1_1,49
14,CCXCC,Conspecific,Conspecific,CC,RZ,RZ,CC14A,CC,CC2,1,CC14AXCC2_5,49
14,CCXCC,Conspecific,Conspecific,CC,RZ,RZ,CC14A,CC,CC2,1,CC14AXCC2_4,48
14,CCXCC,Conspecific,Conspecific,CC,RZ,RZ,CC14A,CC,CC1,0.90682496,CC14AXCC1_3,47
14,CCXCC,Conspecific,Conspecific,CC,RZ,RZ,CC14A,CC,CC1,0.90682496,CC14AXCC1_4,47
14,CCXCC,Conspecific,Conspecific,CC,RZ,RZ,CC14A,CC,CC1,0.90682496,CC14AXCC1_6,47
14,CCXCC,Conspecific,Conspecific,CC,RZ,RZ,CC14A,CC,CC1,0.90682496,CC14AXCC1_5,45
14,CCXCC,Conspecific,Conspecific,CC,RZ,RZ,CC14A,CC,CC2,1,CC14AXCC2_2,39
14,CCXCC,Conspecific,Conspecific,CC,RZ,RZ,CC14A,CC,CC2,1,CC14AXCC2_6,37
14,CCXCC,Conspecific,Conspecific,CC,RZ,RZ,CC14A,CC,CC1,0.90682496,CC14AXCC1_2,36
14,CCXPP,Conspecific,Heterospecific,CC,RZ,RZ,CC14A,CC,PP1,1,CC14AXPP1_1,21
14,CCXPP,Conspecific,Heterospecific,CC,RZ,RZ,CC14A,CC,PP2,1,CC14AXPP2_6,19
14,CCXPP,Conspecific,Heterospecific,CC,RZ,RZ,CC14A,CC,PP1,1,CC14AXPP1_4,18
14,CCXPP,Conspecific,Heterospecific,CC,RZ,RZ,CC14A,CC,PP1,1,CC14AXPP1_6,17
14,CCXPP,Conspecific,Heterospecific,CC,RZ,RZ,CC14A,CC,PP1,1,CC14AXPP1_2,16
14,CCXPP,Conspecific,Heterospecific,CC,RZ,RZ,CC14A,CC,PP1,1,CC14AXPP1_5,16
14,CCXPP,Conspecific,Heterospecific,CC,RZ,RZ,CC14A,CC,PP2,1,CC14AXPP2_3,15
14,CCXPP,Conspecific,Heterospecific,CC,RZ,RZ,CC14A,CC,PP2,1,CC14AXPP2_1,15
14,CCXPP,Conspecific,Heterospecific,CC,RZ,RZ,CC14A,CC,PP2,1,CC14AXPP2_5,12
14,CCXPP,Conspecific,Heterospecific,CC,RZ,RZ,CC14A,CC,PP1,1,CC14AXPP1_3,11
14,CCXPP,Conspecific,Heterospecific,CC,RZ,RZ,CC14A,CC,PP2,1,CC14AXPP2_2,11
14,CCXPP,Conspecific,Heterospecific,CC,RZ,RZ,CC14A,CC,PP2,1,CC14AXPP2_4,10
14,CCXCC,Conspecific,Conspecific,CC,SN,SN,CC14B,CC,CC2,1,CC14BXCC2_1,53
14,CCXCC,Conspecific,Conspecific,CC,SN,SN,CC14B,CC,CC1,0.90682496,CC14BXCC1_4,53
14,CCXCC,Conspecific,Conspecific,CC,SN,SN,CC14B,CC,CC1,0.90682496,CC14BXCC1_1,51
14,CCXCC,Conspecific,Conspecific,CC,SN,SN,CC14B,CC,CC2,1,CC14BXCC2_4,49
14,CCXCC,Conspecific,Conspecific,CC,SN,SN,CC14B,CC,CC2,1,CC14BXCC2_5,47
14,CCXCC,Conspecific,Conspecific,CC,SN,SN,CC14B,CC,CC1,0.90682496,CC14BXCC1_3,47
14,CCXCC,Conspecific,Conspecific,CC,SN,SN,CC14B,CC,CC1,0.90682496,CC14BXCC1_5,46
14,CCXCC,Conspecific,Conspecific,CC,SN,SN,CC14B,CC,CC1,0.90682496,CC14BXCC1_2,45
14,CCXCC,Conspecific,Conspecific,CC,SN,SN,CC14B,CC,CC1,0.90682496,CC14BXCC1_6,44
14,CCXCC,Conspecific,Conspecific,CC,SN,SN,CC14B,CC,CC2,1,CC14BXCC2_3,40
14,CCXCC,Conspecific,Conspecific,CC,SN,SN,CC14B,CC,CC2,1,CC14BXCC2_6,39
14,CCXCC,Conspecific,Conspecific,CC,SN,SN,CC14B,CC,CC2,1,CC14BXCC2_2,39
14,CCXPP,Conspecific,Heterospecific,CC,SN,SN,CC14B,CC,PP2,1,CC14BXPP2_2,27
14,CCXPP,Conspecific,Heterospecific,CC,SN,SN,CC14B,CC,PP1,1,CC14BXPP1_1,21
14,CCXPP,Conspecific,Heterospecific,CC,SN,SN,CC14B,CC,PP1,1,CC14BXPP1_2,21
14,CCXPP,Conspecific,Heterospecific,CC,SN,SN,CC14B,CC,PP2,1,CC14BXPP2_3,19
14,CCXPP,Conspecific,Heterospecific,CC,SN,SN,CC14B,CC,PP2,1,CC14BXPP2_4,17
14,CCXPP,Conspecific,Heterospecific,CC,SN,SN,CC14B,CC,PP2,1,CC14BXPP2_1,17
14,CCXPP,Conspecific,Heterospecific,CC,SN,SN,CC14B,CC,PP1,1,CC14BXPP1_5,16
14,CCXPP,Conspecific,Heterospecific,CC,SN,SN,CC14B,CC,PP2,1,CC14BXPP2_5,15
14,CCXPP,Conspecific,Heterospecific,CC,SN,SN,CC14B,CC,PP1,1,CC14BXPP1_3,15
14,CCXPP,Conspecific,Heterospecific,CC,SN,SN,CC14B,CC,PP2,1,CC14BXPP2_6,14
14,CCXPP,Conspecific,Heterospecific,CC,SN,SN,CC14B,CC,PP1,1,CC14BXPP1_4,13
14,CCXPP,Conspecific,Heterospecific,CC,SN,SN,CC14B,CC,PP1,1,CC14BXPP1_6,10
14,PPXCC,Conspecific,Heterospecific,PP,KZ,KZ,PP14A,CC,CC2,1,PP14AXCC2_4,39
14,PPXCC,Conspecific,Heterospecific,PP,KZ,KZ,PP14A,CC,CC2,1,PP14AXCC2_5,37
14,PPXCC,Conspecific,Heterospecific,PP,KZ,KZ,PP14A,CC,CC1,0.90682496,PP14AXCC1_6,35
14,PPXCC,Conspecific,Heterospecific,PP,KZ,KZ,PP14A,CC,CC2,1,PP14AXCC2_2,33
14,PPXCC,Conspecific,Heterospecific,PP,KZ,KZ,PP14A,CC,CC2,1,PP14AXCC2_1,31
14,PPXCC,Conspecific,Heterospecific,PP,KZ,KZ,PP14A,CC,CC1,0.90682496,PP14AXCC1_1,25
14,PPXCC,Conspecific,Heterospecific,PP,KZ,KZ,PP14A,CC,CC1,0.90682496,PP14AXCC1_2,25
14,PPXCC,Conspecific,Heterospecific,PP,KZ,KZ,PP14A,CC,CC1,0.90682496,PP14AXCC1_3,25
14,PPXCC,Conspecific,Heterospecific,PP,KZ,KZ,PP14A,CC,CC2,1,PP14AXCC2_3,24
14,PPXCC,Conspecific,Heterospecific,PP,KZ,KZ,PP14A,CC,CC2,1,PP14AXCC2_6,24
14,PPXCC,Conspecific,Heterospecific,PP,KZ,KZ,PP14A,CC,CC1,0.90682496,PP14AXCC1_5,22
14,PPXCC,Conspecific,Heterospecific,PP,KZ,KZ,PP14A,CC,CC1,0.90682496,PP14AXCC1_4,21
14,PPXPP,Conspecific,Conspecific,PP,KZ,KZ,PP14A,CC,PP2,1,PP14AXPP2_4,34
14,PPXPP,Conspecific,Conspecific,PP,KZ,KZ,PP14A,CC,PP1,1,PP14AXPP1_4,33
14,PPXPP,Conspecific,Conspecific,PP,KZ,KZ,PP14A,CC,PP1,1,PP14AXPP1_3,32
14,PPXPP,Conspecific,Conspecific,PP,KZ,KZ,PP14A,CC,PP1,1,PP14AXPP1_6,32
14,PPXPP,Conspecific,Conspecific,PP,KZ,KZ,PP14A,CC,PP1,1,PP14AXPP1_1,31
14,PPXPP,Conspecific,Conspecific,PP,KZ,KZ,PP14A,CC,PP2,1,PP14AXPP2_1,31
14,PPXPP,Conspecific,Conspecific,PP,KZ,KZ,PP14A,CC,PP1,1,PP14AXPP1_5,28
14,PPXPP,Conspecific,Conspecific,PP,KZ,KZ,PP14A,CC,PP2,1,PP14AXPP2_3,28
14,PPXPP,Conspecific,Conspecific,PP,KZ,KZ,PP14A,CC,PP2,1,PP14AXPP2_6,27
14,PPXPP,Conspecific,Conspecific,PP,KZ,KZ,PP14A,CC,PP2,1,PP14AXPP2_2,27
14,PPXPP,Conspecific,Conspecific,PP,KZ,KZ,PP14A,CC,PP2,1,PP14AXPP2_5,27
14,PPXPP,Conspecific,Conspecific,PP,KZ,KZ,PP14A,CC,PP1,1,PP14AXPP1_2,25
14,PPXCC,Conspecific,Heterospecific,PP,SZ,SZ,PP14B,CC,CC1,0.90682496,PP14BXCC1_2,44
14,PPXCC,Conspecific,Heterospecific,PP,SZ,SZ,PP14B,CC,CC2,1,PP14BXCC2_1,37
14,PPXCC,Conspecific,Heterospecific,PP,SZ,SZ,PP14B,CC,CC1,0.90682496,PP14BXCC1_4,36
14,PPXCC,Conspecific,Heterospecific,PP,SZ,SZ,PP14B,CC,CC2,1,PP14BXCC2_2,36
14,PPXCC,Conspecific,Heterospecific,PP,SZ,SZ,PP14B,CC,CC1,0.90682496,PP14BXCC1_6,33
14,PPXCC,Conspecific,Heterospecific,PP,SZ,SZ,PP14B,CC,CC2,1,PP14BXCC2_5,31
14,PPXCC,Conspecific,Heterospecific,PP,SZ,SZ,PP14B,CC,CC1,0.90682496,PP14BXCC1_5,31
14,PPXCC,Conspecific,Heterospecific,PP,SZ,SZ,PP14B,CC,CC2,1,PP14BXCC2_6,31
14,PPXCC,Conspecific,Heterospecific,PP,SZ,SZ,PP14B,CC,CC2,1,PP14BXCC2_3,31
14,PPXCC,Conspecific,Heterospecific,PP,SZ,SZ,PP14B,CC,CC1,0.90682496,PP14BXCC1_1,27
14,PPXCC,Conspecific,Heterospecific,PP,SZ,SZ,PP14B,CC,CC2,1,PP14BXCC2_4,27
14,PPXCC,Conspecific,Heterospecific,PP,SZ,SZ,PP14B,CC,CC1,0.90682496,PP14BXCC1_3,21
14,PPXPP,Conspecific,Conspecific,PP,SZ,SZ,PP14B,CC,PP1,1,PP14BXPP1_3,37
14,PPXPP,Conspecific,Conspecific,PP,SZ,SZ,PP14B,CC,PP1,1,PP14BXPP1_1,34
14,PPXPP,Conspecific,Conspecific,PP,SZ,SZ,PP14B,CC,PP2,1,PP14BXPP2_4,33
14,PPXPP,Conspecific,Conspecific,PP,SZ,SZ,PP14B,CC,PP1,1,PP14BXPP1_4,32
14,PPXPP,Conspecific,Conspecific,PP,SZ,SZ,PP14B,CC,PP2,1,PP14BXPP2_3,32
14,PPXPP,Conspecific,Conspecific,PP,SZ,SZ,PP14B,CC,PP2,1,PP14BXPP2_5,31
14,PPXPP,Conspecific,Conspecific,PP,SZ,SZ,PP14B,CC,PP1,1,PP14BXPP1_6,31
14,PPXPP,Conspecific,Conspecific,PP,SZ,SZ,PP14B,CC,PP1,1,PP14BXPP1_5,30
14,PPXPP,Conspecific,Conspecific,PP,SZ,SZ,PP14B,CC,PP1,1,PP14BXPP1_2,30
14,PPXPP,Conspecific,Conspecific,PP,SZ,SZ,PP14B,CC,PP2,1,PP14BXPP2_1,28
14,PPXPP,Conspecific,Conspecific,PP,SZ,SZ,PP14B,CC,PP2,1,PP14BXPP2_2,27
14,PPXPP,Conspecific,Conspecific,PP,SZ,SZ,PP14B,CC,PP2,1,PP14BXPP2_6,25
14,CPXCC,Heterospecific,Het2,CP,RZ,KZ,CP14A,CC,CC1,0.90682496,CP14AXCC1_3,27
14,CPXCC,Heterospecific,Het2,CP,RZ,KZ,CP14A,CC,CC2,1,CP14AXCC2_3,25
14,CPXCC,Heterospecific,Het2,CP,RZ,KZ,CP14A,CC,CC2,1,CP14AXCC2_1,25
14,CPXCC,Heterospecific,Het2,CP,RZ,KZ,CP14A,CC,CC2,1,CP14AXCC2_4,23
14,CPXCC,Heterospecific,Het2,CP,RZ,KZ,CP14A,CC,CC1,0.90682496,CP14AXCC1_2,23
14,CPXCC,Heterospecific,Het2,CP,RZ,KZ,CP14A,CC,CC2,1,CP14AXCC2_5,23
14,CPXCC,Heterospecific,Het2,CP,RZ,KZ,CP14A,CC,CC1,0.90682496,CP14AXCC1_4,21
14,CPXCC,Heterospecific,Het2,CP,RZ,KZ,CP14A,CC,CC2,1,CP14AXCC2_2,21
14,CPXCC,Heterospecific,Het2,CP,RZ,KZ,CP14A,CC,CC2,1,CP14AXCC2_6,21
14,CPXCC,Heterospecific,Het2,CP,RZ,KZ,CP14A,CC,CC1,0.90682496,CP14AXCC1_1,21
14,CPXCC,Heterospecific,Het2,CP,RZ,KZ,CP14A,CC,CC1,0.90682496,CP14AXCC1_6,21
14,CPXCC,Heterospecific,Het2,CP,RZ,KZ,CP14A,CC,CC1,0.90682496,CP14AXCC1_5,21
14,CPXPP,Heterospecific,Het3,CP,RZ,KZ,CP14A,CC,PP1,1,CP14AXPP1_5,32
14,CPXPP,Heterospecific,Het3,CP,RZ,KZ,CP14A,CC,PP2,1,CP14AXPP2_1,29
14,CPXPP,Heterospecific,Het3,CP,RZ,KZ,CP14A,CC,PP2,1,CP14AXPP2_4,29
14,CPXPP,Heterospecific,Het3,CP,RZ,KZ,CP14A,CC,PP1,1,CP14AXPP1_4,26
14,CPXPP,Heterospecific,Het3,CP,RZ,KZ,CP14A,CC,PP1,1,CP14AXPP1_2,25
14,CPXPP,Heterospecific,Het3,CP,RZ,KZ,CP14A,CC,PP1,1,CP14AXPP1_1,23
14,CPXPP,Heterospecific,Het3,CP,RZ,KZ,CP14A,CC,PP2,1,CP14AXPP2_6,22
14,CPXPP,Heterospecific,Het3,CP,RZ,KZ,CP14A,CC,PP2,1,CP14AXPP2_3,21
14,CPXPP,Heterospecific,Het3,CP,RZ,KZ,CP14A,CC,PP2,1,CP14AXPP2_5,19
14,CPXPP,Heterospecific,Het3,CP,RZ,KZ,CP14A,CC,PP1,1,CP14AXPP1_3,17
14,CPXPP,Heterospecific,Het3,CP,RZ,KZ,CP14A,CC,PP2,1,CP14AXPP2_2,16
14,CPXPP,Heterospecific,Het3,CP,RZ,KZ,CP14A,CC,PP1,1,CP14AXPP1_6,15
14,CPXCC,Heterospecific,Het2,CP,SN,SZ,CP14B,CC,CC1,0.90682496,CP14BXCC1_6,27
14,CPXCC,Heterospecific,Het2,CP,SN,SZ,CP14B,CC,CC2,1,CP14BXCC2_1,27
14,CPXCC,Heterospecific,Het2,CP,SN,SZ,CP14B,CC,CC2,1,CP14BXCC2_6,25
14,CPXCC,Heterospecific,Het2,CP,SN,SZ,CP14B,CC,CC2,1,CP14BXCC2_4,25
14,CPXCC,Heterospecific,Het2,CP,SN,SZ,CP14B,CC,CC2,1,CP14BXCC2_5,24
14,CPXCC,Heterospecific,Het2,CP,SN,SZ,CP14B,CC,CC1,0.90682496,CP14BXCC1_5,23
14,CPXCC,Heterospecific,Het2,CP,SN,SZ,CP14B,CC,CC1,0.90682496,CP14BXCC1_4,23
14,CPXCC,Heterospecific,Het2,CP,SN,SZ,CP14B,CC,CC1,0.90682496,CP14BXCC1_3,21
14,CPXCC,Heterospecific,Het2,CP,SN,SZ,CP14B,CC,CC2,1,CP14BXCC2_3,21
14,CPXCC,Heterospecific,Het2,CP,SN,SZ,CP14B,CC,CC1,0.90682496,CP14BXCC1_1,21
14,CPXCC,Heterospecific,Het2,CP,SN,SZ,CP14B,CC,CC2,1,CP14BXCC2_2,21
14,CPXCC,Heterospecific,Het2,CP,SN,SZ,CP14B,CC,CC1,0.90682496,CP14BXCC1_2,14
14,CPXPP,Heterospecific,Het3,CP,SN,SZ,CP14B,CC,PP2,1,CP14BXPP2_4,29
14,CPXPP,Heterospecific,Het3,CP,SN,SZ,CP14B,CC,PP1,1,CP14BXPP1_2,27
14,CPXPP,Heterospecific,Het3,CP,SN,SZ,CP14B,CC,PP1,1,CP14BXPP1_6,25
14,CPXPP,Heterospecific,Het3,CP,SN,SZ,CP14B,CC,PP2,1,CP14BXPP2_5,24
14,CPXPP,Heterospecific,Het3,CP,SN,SZ,CP14B,CC,PP2,1,CP14BXPP2_3,23
14,CPXPP,Heterospecific,Het3,CP,SN,SZ,CP14B,CC,PP1,1,CP14BXPP1_3,23
14,CPXPP,Heterospecific,Het3,CP,SN,SZ,CP14B,CC,PP2,1,CP14BXPP2_1,22
14,CPXPP,Heterospecific,Het3,CP,SN,SZ,CP14B,CC,PP1,1,CP14BXPP1_1,22
14,CPXPP,Heterospecific,Het3,CP,SN,SZ,CP14B,CC,PP2,1,CP14BXPP2_6,21
14,CPXPP,Heterospecific,Het3,CP,SN,SZ,CP14B,CC,PP2,1,CP14BXPP2_2,21
14,CPXPP,Heterospecific,Het3,CP,SN,SZ,CP14B,CC,PP1,1,CP14BXPP1_4,19
14,CPXPP,Heterospecific,Het3,CP,SN,SZ,CP14B,CC,PP1,1,CP14BXPP1_5,19
14,PCXCC,Heterospecific,Het2,PC,KZ,SN,PC14A,CC,CC1,0.90682496,PC14AXCC1_1,29
14,PCXCC,Heterospecific,Het2,PC,KZ,SN,PC14A,CC,CC2,1,PC14AXCC2_1,28
14,PCXCC,Heterospecific,Het2,PC,KZ,SN,PC14A,CC,CC2,1,PC14AXCC2_2,27
14,PCXCC,Heterospecific,Het2,PC,KZ,SN,PC14A,CC,CC2,1,PC14AXCC2_4,26
14,PCXCC,Heterospecific,Het2,PC,KZ,SN,PC14A,CC,CC2,1,PC14AXCC2_5,25
14,PCXCC,Heterospecific,Het2,PC,KZ,SN,PC14A,CC,CC2,1,PC14AXCC2_6,25
14,PCXCC,Heterospecific,Het2,PC,KZ,SN,PC14A,CC,CC1,0.90682496,PC14AXCC1_4,24
14,PCXCC,Heterospecific,Het2,PC,KZ,SN,PC14A,CC,CC2,1,PC14AXCC2_3,24
14,PCXCC,Heterospecific,Het2,PC,KZ,SN,PC14A,CC,CC1,0.90682496,PC14AXCC1_6,24
14,PCXCC,Heterospecific,Het2,PC,KZ,SN,PC14A,CC,CC1,0.90682496,PC14AXCC1_3,23
14,PCXCC,Heterospecific,Het2,PC,KZ,SN,PC14A,CC,CC1,0.90682496,PC14AXCC1_2,18
14,PCXCC,Heterospecific,Het2,PC,KZ,SN,PC14A,CC,CC1,0.90682496,PC14AXCC1_5,18
14,PCXPP,Heterospecific,Het3,PC,KZ,SN,PC14A,CC,PP2,1,PC14AXPP2_2,26
14,PCXPP,Heterospecific,Het3,PC,KZ,SN,PC14A,CC,PP2,1,PC14AXPP2_4,25
14,PCXPP,Heterospecific,Het3,PC,KZ,SN,PC14A,CC,PP1,1,PC14AXPP1_6,24
14,PCXPP,Heterospecific,Het3,PC,KZ,SN,PC14A,CC,PP1,1,PC14AXPP1_1,24
14,PCXPP,Heterospecific,Het3,PC,KZ,SN,PC14A,CC,PP1,1,PC14AXPP1_3,23
14,PCXPP,Heterospecific,Het3,PC,KZ,SN,PC14A,CC,PP2,1,PC14AXPP2_1,22
14,PCXPP,Heterospecific,Het3,PC,KZ,SN,PC14A,CC,PP2,1,PC14AXPP2_5,21
14,PCXPP,Heterospecific,Het3,PC,KZ,SN,PC14A,CC,PP1,1,PC14AXPP1_5,20
14,PCXPP,Heterospecific,Het3,PC,KZ,SN,PC14A,CC,PP1,1,PC14AXPP1_2,19
14,PCXPP,Heterospecific,Het3,PC,KZ,SN,PC14A,CC,PP1,1,PC14AXPP1_4,19
14,PCXPP,Heterospecific,Het3,PC,KZ,SN,PC14A,CC,PP2,1,PC14AXPP2_6,15
14,PCXPP,Heterospecific,Het3,PC,KZ,SN,PC14A,CC,PP2,1,PC14AXPP2_3,13
14,PCXCC,Heterospecific,Het2,PC,SZ,RZ,PC14B,CC,CC1,0.90682496,PC14BXCC1_5,30
14,PCXCC,Heterospecific,Het2,PC,SZ,RZ,PC14B,CC,CC1,0.90682496,PC14BXCC1_3,30
14,PCXCC,Heterospecific,Het2,PC,SZ,RZ,PC14B,CC,CC2,1,PC14BXCC2_4,28
14,PCXCC,Heterospecific,Het2,PC,SZ,RZ,PC14B,CC,CC1,0.90682496,PC14BXCC1_4,27
14,PCXCC,Heterospecific,Het2,PC,SZ,RZ,PC14B,CC,CC2,1,PC14BXCC2_1,27
14,PCXCC,Heterospecific,Het2,PC,SZ,RZ,PC14B,CC,CC1,0.90682496,PC14BXCC1_1,25
14,PCXCC,Heterospecific,Het2,PC,SZ,RZ,PC14B,CC,CC2,1,PC14BXCC2_6,25
14,PCXCC,Heterospecific,Het2,PC,SZ,RZ,PC14B,CC,CC1,0.90682496,PC14BXCC1_2,25
14,PCXCC,Heterospecific,Het2,PC,SZ,RZ,PC14B,CC,CC1,0.90682496,PC14BXCC1_6,23
14,PCXCC,Heterospecific,Het2,PC,SZ,RZ,PC14B,CC,CC2,1,PC14BXCC2_5,20
14,PCXCC,Heterospecific,Het2,PC,SZ,RZ,PC14B,CC,CC2,1,PC14BXCC2_2,19
14,PCXCC,Heterospecific,Het2,PC,SZ,RZ,PC14B,CC,CC2,1,PC14BXCC2_3,16
14,PCXPP,Heterospecific,Het3,PC,SZ,RZ,PC14B,CC,PP1,1,PC14BXPP1_2,31
14,PCXPP,Heterospecific,Het3,PC,SZ,RZ,PC14B,CC,PP2,1,PC14BXPP2_2,28
14,PCXPP,Heterospecific,Het3,PC,SZ,RZ,PC14B,CC,PP1,1,PC14BXPP1_4,26
14,PCXPP,Heterospecific,Het3,PC,SZ,RZ,PC14B,CC,PP2,1,PC14BXPP2_1,25
14,PCXPP,Heterospecific,Het3,PC,SZ,RZ,PC14B,CC,PP1,1,PC14BXPP1_3,23
14,PCXPP,Heterospecific,Het3,PC,SZ,RZ,PC14B,CC,PP1,1,PC14BXPP1_5,23
14,PCXPP,Heterospecific,Het3,PC,SZ,RZ,PC14B,CC,PP2,1,PC14BXPP2_6,23
14,PCXPP,Heterospecific,Het3,PC,SZ,RZ,PC14B,CC,PP2,1,PC14BXPP2_4,20
14,PCXPP,Heterospecific,Het3,PC,SZ,RZ,PC14B,CC,PP1,1,PC14BXPP1_6,19
14,PCXPP,Heterospecific,Het3,PC,SZ,RZ,PC14B,CC,PP2,1,PC14BXPP2_5,19
14,PCXPP,Heterospecific,Het3,PC,SZ,RZ,PC14B,CC,PP2,1,PC14BXPP2_3,19
14,PCXPP,Heterospecific,Het3,PC,SZ,RZ,PC14B,CC,PP1,1,PC14BXPP1_1,17
19,CCXCC,Conspecific,Conspecific,CC,RZ,RZ,CC19A,CC,CC1,0.90682496,CC19AXCC1_4,37
19,CCXCC,Conspecific,Conspecific,CC,RZ,RZ,CC19A,CC,CC1,0.90682496,CC19AXCC1_2,37
19,CCXCC,Conspecific,Conspecific,CC,RZ,RZ,CC19A,CC,CC2,1,CC19AXCC2_6,36
19,CCXCC,Conspecific,Conspecific,CC,RZ,RZ,CC19A,CC,CC1,0.90682496,CC19AXCC1_3,35
19,CCXCC,Conspecific,Conspecific,CC,RZ,RZ,CC19A,CC,CC1,0.90682496,CC19AXCC1_6,35
19,CCXCC,Conspecific,Conspecific,CC,RZ,RZ,CC19A,CC,CC2,1,CC19AXCC2_4,33
19,CCXCC,Conspecific,Conspecific,CC,RZ,RZ,CC19A,CC,CC1,0.90682496,CC19AXCC1_5,31
19,CCXCC,Conspecific,Conspecific,CC,RZ,RZ,CC19A,CC,CC2,1,CC19AXCC2_2,30
19,CCXCC,Conspecific,Conspecific,CC,RZ,RZ,CC19A,CC,CC2,1,CC19AXCC2_3,29
19,CCXCC,Conspecific,Conspecific,CC,RZ,RZ,CC19A,CC,CC2,1,CC19AXCC2_1,28
19,CCXCC,Conspecific,Conspecific,CC,RZ,RZ,CC19A,CC,CC2,1,CC19AXCC2_5,25
19,CCXCC,Conspecific,Conspecific,CC,RZ,RZ,CC19A,CC,CC1,0.90682496,CC19AXCC1_1,24
19,CCXPP,Conspecific,Heterospecific,CC,RZ,RZ,CC19A,CC,PP1,1,CC19AXPP1_6,34
19,CCXPP,Conspecific,Heterospecific,CC,RZ,RZ,CC19A,CC,PP2,1,CC19AXPP2_1,26
19,CCXPP,Conspecific,Heterospecific,CC,RZ,RZ,CC19A,CC,PP2,1,CC19AXPP2_2,26
19,CCXPP,Conspecific,Heterospecific,CC,RZ,RZ,CC19A,CC,PP2,1,CC19AXPP2_5,26
19,CCXPP,Conspecific,Heterospecific,CC,RZ,RZ,CC19A,CC,PP1,1,CC19AXPP1_2,25
19,CCXPP,Conspecific,Heterospecific,CC,RZ,RZ,CC19A,CC,PP1,1,CC19AXPP1_5,25
19,CCXPP,Conspecific,Heterospecific,CC,RZ,RZ,CC19A,CC,PP1,1,CC19AXPP1_3,23
19,CCXPP,Conspecific,Heterospecific,CC,RZ,RZ,CC19A,CC,PP1,1,CC19AXPP1_1,23
19,CCXPP,Conspecific,Heterospecific,CC,RZ,RZ,CC19A,CC,PP2,1,CC19AXPP2_4,21
19,CCXPP,Conspecific,Heterospecific,CC,RZ,RZ,CC19A,CC,PP2,1,CC19AXPP2_6,20
19,CCXPP,Conspecific,Heterospecific,CC,RZ,RZ,CC19A,CC,PP2,1,CC19AXPP2_3,20
19,CCXPP,Conspecific,Heterospecific,CC,RZ,RZ,CC19A,CC,PP1,1,CC19AXPP1_4,18
19,CCXCC,Conspecific,Conspecific,CC,SN,SN,CC19B,CC,CC2,1,CC19BXCC2_6,35
19,CCXCC,Conspecific,Conspecific,CC,SN,SN,CC19B,CC,CC2,1,CC19BXCC2_1,35
19,CCXCC,Conspecific,Conspecific,CC,SN,SN,CC19B,CC,CC1,0.90682496,CC19BXCC1_6,33
19,CCXCC,Conspecific,Conspecific,CC,SN,SN,CC19B,CC,CC2,1,CC19BXCC2_3,31
19,CCXCC,Conspecific,Conspecific,CC,SN,SN,CC19B,CC,CC2,1,CC19BXCC2_2,30
19,CCXCC,Conspecific,Conspecific,CC,SN,SN,CC19B,CC,CC1,0.90682496,CC19BXCC1_2,30
19,CCXCC,Conspecific,Conspecific,CC,SN,SN,CC19B,CC,CC1,0.90682496,CC19BXCC1_5,30
19,CCXCC,Conspecific,Conspecific,CC,SN,SN,CC19B,CC,CC2,1,CC19BXCC2_5,27
19,CCXCC,Conspecific,Conspecific,CC,SN,SN,CC19B,CC,CC1,0.90682496,CC19BXCC1_1,27
19,CCXCC,Conspecific,Conspecific,CC,SN,SN,CC19B,CC,CC1,0.90682496,CC19BXCC1_4,24
19,CCXCC,Conspecific,Conspecific,CC,SN,SN,CC19B,CC,CC2,1,CC19BXCC2_4,24
19,CCXCC,Conspecific,Conspecific,CC,SN,SN,CC19B,CC,CC1,0.90682496,CC19BXCC1_3,23
19,CCXPP,Conspecific,Heterospecific,CC,SN,SN,CC19B,CC,PP2,1,CC19BXPP2_4,27
19,CCXPP,Conspecific,Heterospecific,CC,SN,SN,CC19B,CC,PP2,1,CC19BXPP2_1,26
19,CCXPP,Conspecific,Heterospecific,CC,SN,SN,CC19B,CC,PP1,1,CC19BXPP1_4,25
19,CCXPP,Conspecific,Heterospecific,CC,SN,SN,CC19B,CC,PP2,1,CC19BXPP2_5,24
19,CCXPP,Conspecific,Heterospecific,CC,SN,SN,CC19B,CC,PP1,1,CC19BXPP1_6,24
19,CCXPP,Conspecific,Heterospecific,CC,SN,SN,CC19B,CC,PP2,1,CC19BXPP2_6,21
19,CCXPP,Conspecific,Heterospecific,CC,SN,SN,CC19B,CC,PP2,1,CC19BXPP2_2,21
19,CCXPP,Conspecific,Heterospecific,CC,SN,SN,CC19B,CC,PP1,1,CC19BXPP1_1,21
19,CCXPP,Conspecific,Heterospecific,CC,SN,SN,CC19B,CC,PP1,1,CC19BXPP1_2,19
19,CCXPP,Conspecific,Heterospecific,CC,SN,SN,CC19B,CC,PP1,1,CC19BXPP1_5,18
19,CCXPP,Conspecific,Heterospecific,CC,SN,SN,CC19B,CC,PP2,1,CC19BXPP2_3,17
19,CCXPP,Conspecific,Heterospecific,CC,SN,SN,CC19B,CC,PP1,1,CC19BXPP1_3,16
19,PPXCC,Conspecific,Heterospecific,PP,KZ,KZ,PP19A,CC,CC1,0.90682496,PP19AXCC1_4,55
19,PPXCC,Conspecific,Heterospecific,PP,KZ,KZ,PP19A,CC,CC1,0.90682496,PP19AXCC1_6,49
19,PPXCC,Conspecific,Heterospecific,PP,KZ,KZ,PP19A,CC,CC2,1,PP19AXCC2_1,43
19,PPXCC,Conspecific,Heterospecific,PP,KZ,KZ,PP19A,CC,CC2,1,PP19AXCC2_5,43
19,PPXCC,Conspecific,Heterospecific,PP,KZ,KZ,PP19A,CC,CC2,1,PP19AXCC2_4,42
19,PPXCC,Conspecific,Heterospecific,PP,KZ,KZ,PP19A,CC,CC2,1,PP19AXCC2_2,40
19,PPXCC,Conspecific,Heterospecific,PP,KZ,KZ,PP19A,CC,CC1,0.90682496,PP19AXCC1_3,39
19,PPXCC,Conspecific,Heterospecific,PP,KZ,KZ,PP19A,CC,CC1,0.90682496,PP19AXCC1_5,39
19,PPXCC,Conspecific,Heterospecific,PP,KZ,KZ,PP19A,CC,CC2,1,PP19AXCC2_6,38
19,PPXCC,Conspecific,Heterospecific,PP,KZ,KZ,PP19A,CC,CC2,1,PP19AXCC2_3,33
19,PPXCC,Conspecific,Heterospecific,PP,KZ,KZ,PP19A,CC,CC1,0.90682496,PP19AXCC1_1,33
19,PPXCC,Conspecific,Heterospecific,PP,KZ,KZ,PP19A,CC,CC1,0.90682496,PP19AXCC1_2,29
19,PPXPP,Conspecific,Conspecific,PP,KZ,KZ,PP19A,CC,PP1,1,PP19AXPP1_4,60
19,PPXPP,Conspecific,Conspecific,PP,KZ,KZ,PP19A,CC,PP1,1,PP19AXPP1_6,55
19,PPXPP,Conspecific,Conspecific,PP,KZ,KZ,PP19A,CC,PP1,1,PP19AXPP1_3,49
19,PPXPP,Conspecific,Conspecific,PP,KZ,KZ,PP19A,CC,PP2,1,PP19AXPP2_6,49
19,PPXPP,Conspecific,Conspecific,PP,KZ,KZ,PP19A,CC,PP1,1,PP19AXPP1_2,47
19,PPXPP,Conspecific,Conspecific,PP,KZ,KZ,PP19A,CC,PP2,1,PP19AXPP2_5,47
19,PPXPP,Conspecific,Conspecific,PP,KZ,KZ,PP19A,CC,PP1,1,PP19AXPP1_5,45
19,PPXPP,Conspecific,Conspecific,PP,KZ,KZ,PP19A,CC,PP2,1,PP19AXPP2_4,45
19,PPXPP,Conspecific,Conspecific,PP,KZ,KZ,PP19A,CC,PP2,1,PP19AXPP2_2,45
19,PPXPP,Conspecific,Conspecific,PP,KZ,KZ,PP19A,CC,PP2,1,PP19AXPP2_1,43
19,PPXPP,Conspecific,Conspecific,PP,KZ,KZ,PP19A,CC,PP2,1,PP19AXPP2_3,43
19,PPXPP,Conspecific,Conspecific,PP,KZ,KZ,PP19A,CC,PP1,1,PP19AXPP1_1,40
19,PPXCC,Conspecific,Heterospecific,PP,SZ,SZ,PP19B,CC,CC2,1,PP19BXCC2_2,59
19,PPXCC,Conspecific,Heterospecific,PP,SZ,SZ,PP19B,CC,CC2,1,PP19BXCC2_6,50
19,PPXCC,Conspecific,Heterospecific,PP,SZ,SZ,PP19B,CC,CC2,1,PP19BXCC2_4,50
19,PPXCC,Conspecific,Heterospecific,PP,SZ,SZ,PP19B,CC,CC1,0.90682496,PP19BXCC1_2,49
19,PPXCC,Conspecific,Heterospecific,PP,SZ,SZ,PP19B,CC,CC1,0.90682496,PP19BXCC1_5,46
19,PPXCC,Conspecific,Heterospecific,PP,SZ,SZ,PP19B,CC,CC1,0.90682496,PP19BXCC1_1,45
19,PPXCC,Conspecific,Heterospecific,PP,SZ,SZ,PP19B,CC,CC2,1,PP19BXCC2_1,45
19,PPXCC,Conspecific,Heterospecific,PP,SZ,SZ,PP19B,CC,CC1,0.90682496,PP19BXCC1_6,45
19,PPXCC,Conspecific,Heterospecific,PP,SZ,SZ,PP19B,CC,CC2,1,PP19BXCC2_5,42
19,PPXCC,Conspecific,Heterospecific,PP,SZ,SZ,PP19B,CC,CC1,0.90682496,PP19BXCC1_3,41
19,PPXCC,Conspecific,Heterospecific,PP,SZ,SZ,PP19B,CC,CC1,0.90682496,PP19BXCC1_4,41
19,PPXCC,Conspecific,Heterospecific,PP,SZ,SZ,PP19B,CC,CC2,1,PP19BXCC2_3,37
19,PPXPP,Conspecific,Conspecific,PP,SZ,SZ,PP19B,CC,PP2,1,PP19BXPP2_4,53
19,PPXPP,Conspecific,Conspecific,PP,SZ,SZ,PP19B,CC,PP2,1,PP19BXPP2_1,50
19,PPXPP,Conspecific,Conspecific,PP,SZ,SZ,PP19B,CC,PP2,1,PP19BXPP2_2,49
19,PPXPP,Conspecific,Conspecific,PP,SZ,SZ,PP19B,CC,PP2,1,PP19BXPP2_6,48
19,PPXPP,Conspecific,Conspecific,PP,SZ,SZ,PP19B,CC,PP1,1,PP19BXPP1_4,45
19,PPXPP,Conspecific,Conspecific,PP,SZ,SZ,PP19B,CC,PP1,1,PP19BXPP1_2,45
19,PPXPP,Conspecific,Conspecific,PP,SZ,SZ,PP19B,CC,PP1,1,PP19BXPP1_6,44
19,PPXPP,Conspecific,Conspecific,PP,SZ,SZ,PP19B,CC,PP1,1,PP19BXPP1_1,43
19,PPXPP,Conspecific,Conspecific,PP,SZ,SZ,PP19B,CC,PP2,1,PP19BXPP2_5,43
19,PPXPP,Conspecific,Conspecific,PP,SZ,SZ,PP19B,CC,PP2,1,PP19BXPP2_3,42
19,PPXPP,Conspecific,Conspecific,PP,SZ,SZ,PP19B,CC,PP1,1,PP19BXPP1_5,39
19,PPXPP,Conspecific,Conspecific,PP,SZ,SZ,PP19B,CC,PP1,1,PP19BXPP1_3,32
19,CPXCC,Heterospecific,Het2,CP,RZ,KZ,CP19A,CC,CC1,0.90682496,CP19AXCC1_2,42
19,CPXCC,Heterospecific,Het2,CP,RZ,KZ,CP19A,CC,CC2,1,CP19AXCC2_6,42
19,CPXCC,Heterospecific,Het2,CP,RZ,KZ,CP19A,CC,CC1,0.90682496,CP19AXCC1_3,39
19,CPXCC,Heterospecific,Het2,CP,RZ,KZ,CP19A,CC,CC2,1,CP19AXCC2_5,34
19,CPXCC,Heterospecific,Het2,CP,RZ,KZ,CP19A,CC,CC1,0.90682496,CP19AXCC1_5,34
19,CPXCC,Heterospecific,Het2,CP,RZ,KZ,CP19A,CC,CC2,1,CP19AXCC2_3,32
19,CPXCC,Heterospecific,Het2,CP,RZ,KZ,CP19A,CC,CC1,0.90682496,CP19AXCC1_1,32
19,CPXCC,Heterospecific,Het2,CP,RZ,KZ,CP19A,CC,CC2,1,CP19AXCC2_1,32
19,CPXCC,Heterospecific,Het2,CP,RZ,KZ,CP19A,CC,CC1,0.90682496,CP19AXCC1_4,31
19,CPXCC,Heterospecific,Het2,CP,RZ,KZ,CP19A,CC,CC2,1,CP19AXCC2_2,30
19,CPXCC,Heterospecific,Het2,CP,RZ,KZ,CP19A,CC,CC2,1,CP19AXCC2_4,27
19,CPXCC,Heterospecific,Het2,CP,RZ,KZ,CP19A,CC,CC1,0.90682496,CP19AXCC1_6,25
19,CPXPP,Heterospecific,Het3,CP,RZ,KZ,CP19A,CC,PP2,1,CP19AXPP2_1,40
19,CPXPP,Heterospecific,Het3,CP,RZ,KZ,CP19A,CC,PP1,1,CP19AXPP1_2,38
19,CPXPP,Heterospecific,Het3,CP,RZ,KZ,CP19A,CC,PP2,1,CP19AXPP2_3,37
19,CPXPP,Heterospecific,Het3,CP,RZ,KZ,CP19A,CC,PP1,1,CP19AXPP1_1,34
19,CPXPP,Heterospecific,Het3,CP,RZ,KZ,CP19A,CC,PP2,1,CP19AXPP2_5,34
19,CPXPP,Heterospecific,Het3,CP,RZ,KZ,CP19A,CC,PP1,1,CP19AXPP1_4,33
19,CPXPP,Heterospecific,Het3,CP,RZ,KZ,CP19A,CC,PP2,1,CP19AXPP2_2,33
19,CPXPP,Heterospecific,Het3,CP,RZ,KZ,CP19A,CC,PP2,1,CP19AXPP2_4,33
19,CPXPP,Heterospecific,Het3,CP,RZ,KZ,CP19A,CC,PP2,1,CP19AXPP2_6,32
19,CPXPP,Heterospecific,Het3,CP,RZ,KZ,CP19A,CC,PP1,1,CP19AXPP1_3,26
19,CPXPP,Heterospecific,Het3,CP,RZ,KZ,CP19A,CC,PP1,1,CP19AXPP1_5,26
19,CPXPP,Heterospecific,Het3,CP,RZ,KZ,CP19A,CC,PP1,1,CP19AXPP1_6,26
19,CPXCC,Heterospecific,Het2,CP,SN,SZ,CP19B,CC,CC2,1,CP19BXCC2_1,45
19,CPXCC,Heterospecific,Het2,CP,SN,SZ,CP19B,CC,CC2,1,CP19BXCC2_3,41
19,CPXCC,Heterospecific,Het2,CP,SN,SZ,CP19B,CC,CC1,0.90682496,CP19BXCC1_6,37
19,CPXCC,Heterospecific,Het2,CP,SN,SZ,CP19B,CC,CC2,1,CP19BXCC2_4,33
19,CPXCC,Heterospecific,Het2,CP,SN,SZ,CP19B,CC,CC1,0.90682496,CP19BXCC1_1,33
19,CPXCC,Heterospecific,Het2,CP,SN,SZ,CP19B,CC,CC1,0.90682496,CP19BXCC1_4,32
19,CPXCC,Heterospecific,Het2,CP,SN,SZ,CP19B,CC,CC2,1,CP19BXCC2_2,32
19,CPXCC,Heterospecific,Het2,CP,SN,SZ,CP19B,CC,CC2,1,CP19BXCC2_5,31
19,CPXCC,Heterospecific,Het2,CP,SN,SZ,CP19B,CC,CC2,1,CP19BXCC2_6,30
19,CPXCC,Heterospecific,Het2,CP,SN,SZ,CP19B,CC,CC1,0.90682496,CP19BXCC1_5,30
19,CPXCC,Heterospecific,Het2,CP,SN,SZ,CP19B,CC,CC1,0.90682496,CP19BXCC1_3,28
19,CPXCC,Heterospecific,Het2,CP,SN,SZ,CP19B,CC,CC1,0.90682496,CP19BXCC1_2,27
19,CPXPP,Heterospecific,Het3,CP,SN,SZ,CP19B,CC,PP1,1,CP19BXPP1_3,39
19,CPXPP,Heterospecific,Het3,CP,SN,SZ,CP19B,CC,PP2,1,CP19BXPP2_6,39
19,CPXPP,Heterospecific,Het3,CP,SN,SZ,CP19B,CC,PP2,1,CP19BXPP2_5,39
19,CPXPP,Heterospecific,Het3,CP,SN,SZ,CP19B,CC,PP1,1,CP19BXPP1_2,37
19,CPXPP,Heterospecific,Het3,CP,SN,SZ,CP19B,CC,PP1,1,CP19BXPP1_6,36
19,CPXPP,Heterospecific,Het3,CP,SN,SZ,CP19B,CC,PP2,1,CP19BXPP2_2,35
19,CPXPP,Heterospecific,Het3,CP,SN,SZ,CP19B,CC,PP2,1,CP19BXPP2_3,34
19,CPXPP,Heterospecific,Het3,CP,SN,SZ,CP19B,CC,PP2,1,CP19BXPP2_4,31
19,CPXPP,Heterospecific,Het3,CP,SN,SZ,CP19B,CC,PP2,1,CP19BXPP2_1,31
19,CPXPP,Heterospecific,Het3,CP,SN,SZ,CP19B,CC,PP1,1,CP19BXPP1_4,30
19,CPXPP,Heterospecific,Het3,CP,SN,SZ,CP19B,CC,PP1,1,CP19BXPP1_5,30
19,CPXPP,Heterospecific,Het3,CP,SN,SZ,CP19B,CC,PP1,1,CP19BXPP1_1,29
19,PCXCC,Heterospecific,Het2,PC,KZ,RZ,PC19A,CC,CC1,0.90682496,PC19AXCC1_3,39
19,PCXCC,Heterospecific,Het2,PC,KZ,RZ,PC19A,CC,CC1,0.90682496,PC19AXCC1_5,37
19,PCXCC,Heterospecific,Het2,PC,KZ,RZ,PC19A,CC,CC2,1,PC19AXCC2_4,36
19,PCXCC,Heterospecific,Het2,PC,KZ,RZ,PC19A,CC,CC1,0.90682496,PC19AXCC1_1,35
19,PCXCC,Heterospecific,Het2,PC,KZ,RZ,PC19A,CC,CC2,1,PC19AXCC2_2,35
19,PCXCC,Heterospecific,Het2,PC,KZ,RZ,PC19A,CC,CC2,1,PC19AXCC2_6,35
19,PCXCC,Heterospecific,Het2,PC,KZ,RZ,PC19A,CC,CC2,1,PC19AXCC2_5,35
19,PCXCC,Heterospecific,Het2,PC,KZ,RZ,PC19A,CC,CC1,0.90682496,PC19AXCC1_4,34
19,PCXCC,Heterospecific,Het2,PC,KZ,RZ,PC19A,CC,CC2,1,PC19AXCC2_1,33
19,PCXCC,Heterospecific,Het2,PC,KZ,RZ,PC19A,CC,CC1,0.90682496,PC19AXCC1_2,32
19,PCXCC,Heterospecific,Het2,PC,KZ,RZ,PC19A,CC,CC1,0.90682496,PC19AXCC1_6,31
19,PCXCC,Heterospecific,Het2,PC,KZ,RZ,PC19A,CC,CC2,1,PC19AXCC2_3,29
19,PCXPP,Heterospecific,Het3,PC,KZ,RZ,PC19A,CC,PP1,1,PC19AXPP1_4,42
19,PCXPP,Heterospecific,Het3,PC,KZ,RZ,PC19A,CC,PP2,1,PC19AXPP2_2,39
19,PCXPP,Heterospecific,Het3,PC,KZ,RZ,PC19A,CC,PP1,1,PC19AXPP1_6,38
19,PCXPP,Heterospecific,Het3,PC,KZ,RZ,PC19A,CC,PP2,1,PC19AXPP2_4,37
19,PCXPP,Heterospecific,Het3,PC,KZ,RZ,PC19A,CC,PP1,1,PC19AXPP1_3,36
19,PCXPP,Heterospecific,Het3,PC,KZ,RZ,PC19A,CC,PP1,1,PC19AXPP1_5,35
19,PCXPP,Heterospecific,Het3,PC,KZ,RZ,PC19A,CC,PP2,1,PC19AXPP2_6,35
19,PCXPP,Heterospecific,Het3,PC,KZ,RZ,PC19A,CC,PP2,1,PC19AXPP2_5,35
19,PCXPP,Heterospecific,Het3,PC,KZ,RZ,PC19A,CC,PP1,1,PC19AXPP1_1,31
19,PCXPP,Heterospecific,Het3,PC,KZ,RZ,PC19A,CC,PP2,1,PC19AXPP2_3,31
19,PCXPP,Heterospecific,Het3,PC,KZ,RZ,PC19A,CC,PP1,1,PC19AXPP1_2,29
19,PCXPP,Heterospecific,Het3,PC,KZ,RZ,PC19A,CC,PP2,1,PC19AXPP2_1,29
19,PCXCC,Heterospecific,Het2,PC,SZ,SN,PC19B,CC,CC2,1,PC19BXCC2_4,41
19,PCXCC,Heterospecific,Het2,PC,SZ,SN,PC19B,CC,CC2,1,PC19BXCC2_6,40
19,PCXCC,Heterospecific,Het2,PC,SZ,SN,PC19B,CC,CC2,1,PC19BXCC2_3,38
19,PCXCC,Heterospecific,Het2,PC,SZ,SN,PC19B,CC,CC1,0.90682496,PC19BXCC1_6,37
19,PCXCC,Heterospecific,Het2,PC,SZ,SN,PC19B,CC,CC1,0.90682496,PC19BXCC1_1,37
19,PCXCC,Heterospecific,Het2,PC,SZ,SN,PC19B,CC,CC2,1,PC19BXCC2_2,35
19,PCXCC,Heterospecific,Het2,PC,SZ,SN,PC19B,CC,CC1,0.90682496,PC19BXCC1_2,33
19,PCXCC,Heterospecific,Het2,PC,SZ,SN,PC19B,CC,CC1,0.90682496,PC19BXCC1_3,33
19,PCXCC,Heterospecific,Het2,PC,SZ,SN,PC19B,CC,CC2,1,PC19BXCC2_5,33
19,PCXCC,Heterospecific,Het2,PC,SZ,SN,PC19B,CC,CC2,1,PC19BXCC2_1,31
19,PCXCC,Heterospecific,Het2,PC,SZ,SN,PC19B,CC,CC1,0.90682496,PC19BXCC1_4,31
19,PCXCC,Heterospecific,Het2,PC,SZ,SN,PC19B,CC,CC1,0.90682496,PC19BXCC1_5,29
19,PCXPP,Heterospecific,Het3,PC,SZ,SN,PC19B,CC,PP2,1,PC19BXPP2_2,45
19,PCXPP,Heterospecific,Het3,PC,SZ,SN,PC19B,CC,PP1,1,PC19BXPP1_1,41
19,PCXPP,Heterospecific,Het3,PC,SZ,SN,PC19B,CC,PP2,1,PC19BXPP2_4,37
19,PCXPP,Heterospecific,Het3,PC,SZ,SN,PC19B,CC,PP2,1,PC19BXPP2_6,37
19,PCXPP,Heterospecific,Het3,PC,SZ,SN,PC19B,CC,PP1,1,PC19BXPP1_6,37
19,PCXPP,Heterospecific,Het3,PC,SZ,SN,PC19B,CC,PP2,1,PC19BXPP2_1,36
19,PCXPP,Heterospecific,Het3,PC,SZ,SN,PC19B,CC,PP1,1,PC19BXPP1_5,35
19,PCXPP,Heterospecific,Het3,PC,SZ,SN,PC19B,CC,PP1,1,PC19BXPP1_3,35
19,PCXPP,Heterospecific,Het3,PC,SZ,SN,PC19B,CC,PP2,1,PC19BXPP2_5,33
19,PCXPP,Heterospecific,Het3,PC,SZ,SN,PC19B,CC,PP1,1,PC19BXPP1_4,33
19,PCXPP,Heterospecific,Het3,PC,SZ,SN,PC19B,CC,PP1,1,PC19BXPP1_2,31
19,PCXPP,Heterospecific,Het3,PC,SZ,SN,PC19B,CC,PP2,1,PC19BXPP2_3,29
24,CCXCC,Conspecific,Conspecific,CC,RZ,SN,CC24A,CC,CC2,1,CC24AXCC2_2,27
24,CCXCC,Conspecific,Conspecific,CC,RZ,SN,CC24A,CC,CC2,1,CC24AXCC2_6,27
24,CCXCC,Conspecific,Conspecific,CC,RZ,SN,CC24A,CC,CC1,0.90682496,CC24AXCC1_3,26
24,CCXCC,Conspecific,Conspecific,CC,RZ,SN,CC24A,CC,CC2,1,CC24AXCC2_1,26
24,CCXCC,Conspecific,Conspecific,CC,RZ,SN,CC24A,CC,CC1,0.90682496,CC24AXCC1_1,24
24,CCXCC,Conspecific,Conspecific,CC,RZ,SN,CC24A,CC,CC2,1,CC24AXCC2_5,23
24,CCXCC,Conspecific,Conspecific,CC,RZ,SN,CC24A,CC,CC2,1,CC24AXCC2_3,23
24,CCXCC,Conspecific,Conspecific,CC,RZ,SN,CC24A,CC,CC1,0.90682496,CC24AXCC1_5,21
24,CCXCC,Conspecific,Conspecific,CC,RZ,SN,CC24A,CC,CC1,0.90682496,CC24AXCC1_2,21
24,CCXCC,Conspecific,Conspecific,CC,RZ,SN,CC24A,CC,CC1,0.90682496,CC24AXCC1_4,19
24,CCXCC,Conspecific,Conspecific,CC,RZ,SN,CC24A,CC,CC1,0.90682496,CC24AXCC1_6,17
24,CCXCC,Conspecific,Conspecific,CC,RZ,SN,CC24A,CC,CC2,1,CC24AXCC2_4,17
24,CCXPP,Conspecific,Heterospecific,CC,RZ,SN,CC24A,CC,PP2,1,CC24AXPP2_3,37
24,CCXPP,Conspecific,Heterospecific,CC,RZ,SN,CC24A,CC,PP1,1,CC24AXPP1_3,35
24,CCXPP,Conspecific,Heterospecific,CC,RZ,SN,CC24A,CC,PP1,1,CC24AXPP1_4,27
24,CCXPP,Conspecific,Heterospecific,CC,RZ,SN,CC24A,CC,PP1,1,CC24AXPP1_6,26
24,CCXPP,Conspecific,Heterospecific,CC,RZ,SN,CC24A,CC,PP2,1,CC24AXPP2_1,26
24,CCXPP,Conspecific,Heterospecific,CC,RZ,SN,CC24A,CC,PP2,1,CC24AXPP2_5,25
24,CCXPP,Conspecific,Heterospecific,CC,RZ,SN,CC24A,CC,PP1,1,CC24AXPP1_1,23
24,CCXPP,Conspecific,Heterospecific,CC,RZ,SN,CC24A,CC,PP2,1,CC24AXPP2_2,23
24,CCXPP,Conspecific,Heterospecific,CC,RZ,SN,CC24A,CC,PP2,1,CC24AXPP2_6,21
24,CCXPP,Conspecific,Heterospecific,CC,RZ,SN,CC24A,CC,PP1,1,CC24AXPP1_5,21
24,CCXPP,Conspecific,Heterospecific,CC,RZ,SN,CC24A,CC,PP1,1,CC24AXPP1_2,18
24,CCXPP,Conspecific,Heterospecific,CC,RZ,SN,CC24A,CC,PP2,1,CC24AXPP2_4,16
24,CCXCC,Conspecific,Conspecific,CC,SN,SN,CC24B,CC,CC1,0.90682496,CC24BXCC1_5,29
24,CCXCC,Conspecific,Conspecific,CC,SN,SN,CC24B,CC,CC1,0.90682496,CC24BXCC1_2,27
24,CCXCC,Conspecific,Conspecific,CC,SN,SN,CC24B,CC,CC2,1,CC24BXCC2_3,27
24,CCXCC,Conspecific,Conspecific,CC,SN,SN,CC24B,CC,CC1,0.90682496,CC24BXCC1_3,26
24,CCXCC,Conspecific,Conspecific,CC,SN,SN,CC24B,CC,CC2,1,CC24BXCC2_5,25
24,CCXCC,Conspecific,Conspecific,CC,SN,SN,CC24B,CC,CC1,0.90682496,CC24BXCC1_4,25
24,CCXCC,Conspecific,Conspecific,CC,SN,SN,CC24B,CC,CC1,0.90682496,CC24BXCC1_1,21
24,CCXCC,Conspecific,Conspecific,CC,SN,SN,CC24B,CC,CC2,1,CC24BXCC2_1,21
24,CCXCC,Conspecific,Conspecific,CC,SN,SN,CC24B,CC,CC2,1,CC24BXCC2_2,21
24,CCXCC,Conspecific,Conspecific,CC,SN,SN,CC24B,CC,CC2,1,CC24BXCC2_6,19
24,CCXCC,Conspecific,Conspecific,CC,SN,SN,CC24B,CC,CC2,1,CC24BXCC2_4,17
24,CCXCC,Conspecific,Conspecific,CC,SN,SN,CC24B,CC,CC1,0.90682496,CC24BXCC1_6,17
24,CCXPP,Conspecific,Heterospecific,CC,SN,SN,CC24B,CC,PP2,1,CC24BXPP2_1,30
24,CCXPP,Conspecific,Heterospecific,CC,SN,SN,CC24B,CC,PP2,1,CC24BXPP2_4,27
24,CCXPP,Conspecific,Heterospecific,CC,SN,SN,CC24B,CC,PP1,1,CC24BXPP1_2,26
24,CCXPP,Conspecific,Heterospecific,CC,SN,SN,CC24B,CC,PP2,1,CC24BXPP2_3,26
24,CCXPP,Conspecific,Heterospecific,CC,SN,SN,CC24B,CC,PP1,1,CC24BXPP1_1,24
24,CCXPP,Conspecific,Heterospecific,CC,SN,SN,CC24B,CC,PP1,1,CC24BXPP1_6,24
24,CCXPP,Conspecific,Heterospecific,CC,SN,SN,CC24B,CC,PP1,1,CC24BXPP1_5,23
24,CCXPP,Conspecific,Heterospecific,CC,SN,SN,CC24B,CC,PP1,1,CC24BXPP1_4,22
24,CCXPP,Conspecific,Heterospecific,CC,SN,SN,CC24B,CC,PP1,1,CC24BXPP1_3,21
24,CCXPP,Conspecific,Heterospecific,CC,SN,SN,CC24B,CC,PP2,1,CC24BXPP2_2,21
24,CCXPP,Conspecific,Heterospecific,CC,SN,SN,CC24B,CC,PP2,1,CC24BXPP2_6,21
24,CCXPP,Conspecific,Heterospecific,CC,SN,SN,CC24B,CC,PP2,1,CC24BXPP2_5,19
24,PPXCC,Conspecific,Heterospecific,PP,KZ,KZ,PP24A,CC,CC1,0.90682496,PP24AXCC1_3,60
24,PPXCC,Conspecific,Heterospecific,PP,KZ,KZ,PP24A,CC,CC1,0.90682496,PP24AXCC1_4,53
24,PPXCC,Conspecific,Heterospecific,PP,KZ,KZ,PP24A,CC,CC2,1,PP24AXCC2_4,49
24,PPXCC,Conspecific,Heterospecific,PP,KZ,KZ,PP24A,CC,CC1,0.90682496,PP24AXCC1_6,47
24,PPXCC,Conspecific,Heterospecific,PP,KZ,KZ,PP24A,CC,CC2,1,PP24AXCC2_3,46
24,PPXCC,Conspecific,Heterospecific,PP,KZ,KZ,PP24A,CC,CC2,1,PP24AXCC2_2,43
24,PPXCC,Conspecific,Heterospecific,PP,KZ,KZ,PP24A,CC,CC2,1,PP24AXCC2_5,41
24,PPXCC,Conspecific,Heterospecific,PP,KZ,KZ,PP24A,CC,CC1,0.90682496,PP24AXCC1_1,41
24,PPXCC,Conspecific,Heterospecific,PP,KZ,KZ,PP24A,CC,CC1,0.90682496,PP24AXCC1_2,40
24,PPXCC,Conspecific,Heterospecific,PP,KZ,KZ,PP24A,CC,CC1,0.90682496,PP24AXCC1_5,38
24,PPXCC,Conspecific,Heterospecific,PP,KZ,KZ,PP24A,CC,CC2,1,PP24AXCC2_1,38
24,PPXCC,Conspecific,Heterospecific,PP,KZ,KZ,PP24A,CC,CC2,1,PP24AXCC2_6,32
24,PPXPP,Conspecific,Conspecific,PP,KZ,KZ,PP24A,CC,PP1,1,PP24AXPP1_6,53
24,PPXPP,Conspecific,Conspecific,PP,KZ,KZ,PP24A,CC,PP1,1,PP24AXPP1_5,51
24,PPXPP,Conspecific,Conspecific,PP,KZ,KZ,PP24A,CC,PP2,1,PP24AXPP2_2,51
24,PPXPP,Conspecific,Conspecific,PP,KZ,KZ,PP24A,CC,PP2,1,PP24AXPP2_1,50
24,PPXPP,Conspecific,Conspecific,PP,KZ,KZ,PP24A,CC,PP1,1,PP24AXPP1_3,48
24,PPXPP,Conspecific,Conspecific,PP,KZ,KZ,PP24A,CC,PP2,1,PP24AXPP2_6,48
24,PPXPP,Conspecific,Conspecific,PP,KZ,KZ,PP24A,CC,PP1,1,PP24AXPP1_4,47
24,PPXPP,Conspecific,Conspecific,PP,KZ,KZ,PP24A,CC,PP1,1,PP24AXPP1_1,45
24,PPXPP,Conspecific,Conspecific,PP,KZ,KZ,PP24A,CC,PP2,1,PP24AXPP2_4,45
24,PPXPP,Conspecific,Conspecific,PP,KZ,KZ,PP24A,CC,PP2,1,PP24AXPP2_3,44
24,PPXPP,Conspecific,Conspecific,PP,KZ,KZ,PP24A,CC,PP2,1,PP24AXPP2_5,42
24,PPXPP,Conspecific,Conspecific,PP,KZ,KZ,PP24A,CC,PP1,1,PP24AXPP1_2,41
24,PPXCC,Conspecific,Heterospecific,PP,SZ,SZ,PP24B,CC,CC1,0.90682496,PP24BXCC1_5,58
24,PPXCC,Conspecific,Heterospecific,PP,SZ,SZ,PP24B,CC,CC2,1,PP24BXCC2_3,56
24,PPXCC,Conspecific,Heterospecific,PP,SZ,SZ,PP24B,CC,CC1,0.90682496,PP24BXCC1_3,53
24,PPXCC,Conspecific,Heterospecific,PP,SZ,SZ,PP24B,CC,CC2,1,PP24BXCC2_6,51
24,PPXCC,Conspecific,Heterospecific,PP,SZ,SZ,PP24B,CC,CC2,1,PP24BXCC2_2,49
24,PPXCC,Conspecific,Heterospecific,PP,SZ,SZ,PP24B,CC,CC1,0.90682496,PP24BXCC1_1,48
24,PPXCC,Conspecific,Heterospecific,PP,SZ,SZ,PP24B,CC,CC2,1,PP24BXCC2_4,45
24,PPXCC,Conspecific,Heterospecific,PP,SZ,SZ,PP24B,CC,CC2,1,PP24BXCC2_1,42
24,PPXCC,Conspecific,Heterospecific,PP,SZ,SZ,PP24B,CC,CC2,1,PP24BXCC2_5,42
24,PPXCC,Conspecific,Heterospecific,PP,SZ,SZ,PP24B,CC,CC1,0.90682496,PP24BXCC1_2,38
24,PPXCC,Conspecific,Heterospecific,PP,SZ,SZ,PP24B,CC,CC1,0.90682496,PP24BXCC1_4,37
24,PPXCC,Conspecific,Heterospecific,PP,SZ,SZ,PP24B,CC,CC1,0.90682496,PP24BXCC1_6,37
24,PPXPP,Conspecific,Conspecific,PP,SZ,SZ,PP24B,CC,PP1,1,PP24BXPP1_1,58
24,PPXPP,Conspecific,Conspecific,PP,SZ,SZ,PP24B,CC,PP1,1,PP24BXPP1_6,52
24,PPXPP,Conspecific,Conspecific,PP,SZ,SZ,PP24B,CC,PP1,1,PP24BXPP1_4,49
24,PPXPP,Conspecific,Conspecific,PP,SZ,SZ,PP24B,CC,PP1,1,PP24BXPP1_2,49
24,PPXPP,Conspecific,Conspecific,PP,SZ,SZ,PP24B,CC,PP2,1,PP24BXPP2_4,45
24,PPXPP,Conspecific,Conspecific,PP,SZ,SZ,PP24B,CC,PP1,1,PP24BXPP1_5,45
24,PPXPP,Conspecific,Conspecific,PP,SZ,SZ,PP24B,CC,PP2,1,PP24BXPP2_2,45
24,PPXPP,Conspecific,Conspecific,PP,SZ,SZ,PP24B,CC,PP2,1,PP24BXPP2_5,45
24,PPXPP,Conspecific,Conspecific,PP,SZ,SZ,PP24B,CC,PP1,1,PP24BXPP1_3,45
24,PPXPP,Conspecific,Conspecific,PP,SZ,SZ,PP24B,CC,PP2,1,PP24BXPP2_1,43
24,PPXPP,Conspecific,Conspecific,PP,SZ,SZ,PP24B,CC,PP2,1,PP24BXPP2_3,43
24,PPXPP,Conspecific,Conspecific,PP,SZ,SZ,PP24B,CC,PP2,1,PP24BXPP2_6,41
24,CPXCC,Heterospecific,Het2,CP,RZ,SZ,CP24A,CC,CC2,1,CP24AXCC2_1,50
24,CPXCC,Heterospecific,Het2,CP,RZ,SZ,CP24A,CC,CC2,1,CP24AXCC2_3,48
24,CPXCC,Heterospecific,Het2,CP,RZ,SZ,CP24A,CC,CC1,0.90682496,CP24AXCC1_5,45
24,CPXCC,Heterospecific,Het2,CP,RZ,SZ,CP24A,CC,CC2,1,CP24AXCC2_5,44
24,CPXCC,Heterospecific,Het2,CP,RZ,SZ,CP24A,CC,CC2,1,CP24AXCC2_6,39
24,CPXCC,Heterospecific,Het2,CP,RZ,SZ,CP24A,CC,CC2,1,CP24AXCC2_2,39
24,CPXCC,Heterospecific,Het2,CP,RZ,SZ,CP24A,CC,CC1,0.90682496,CP24AXCC1_2,38
24,CPXCC,Heterospecific,Het2,CP,RZ,SZ,CP24A,CC,CC2,1,CP24AXCC2_4,36
24,CPXCC,Heterospecific,Het2,CP,RZ,SZ,CP24A,CC,CC1,0.90682496,CP24AXCC1_1,35
24,CPXCC,Heterospecific,Het2,CP,RZ,SZ,CP24A,CC,CC1,0.90682496,CP24AXCC1_3,35
24,CPXCC,Heterospecific,Het2,CP,RZ,SZ,CP24A,CC,CC1,0.90682496,CP24AXCC1_6,35
24,CPXCC,Heterospecific,Het2,CP,RZ,SZ,CP24A,CC,CC1,0.90682496,CP24AXCC1_4,30
24,CPXPP,Heterospecific,Het3,CP,RZ,SZ,CP24A,CC,PP2,1,CP24AXPP2_2,50
24,CPXPP,Heterospecific,Het3,CP,RZ,SZ,CP24A,CC,PP2,1,CP24AXPP2_5,50
24,CPXPP,Heterospecific,Het3,CP,RZ,SZ,CP24A,CC,PP2,1,CP24AXPP2_4,43
24,CPXPP,Heterospecific,Het3,CP,RZ,SZ,CP24A,CC,PP2,1,CP24AXPP2_6,42
24,CPXPP,Heterospecific,Het3,CP,RZ,SZ,CP24A,CC,PP1,1,CP24AXPP1_2,40
24,CPXPP,Heterospecific,Het3,CP,RZ,SZ,CP24A,CC,PP1,1,CP24AXPP1_5,38
24,CPXPP,Heterospecific,Het3,CP,RZ,SZ,CP24A,CC,PP1,1,CP24AXPP1_4,38
24,CPXPP,Heterospecific,Het3,CP,RZ,SZ,CP24A,CC,PP1,1,CP24AXPP1_6,37
24,CPXPP,Heterospecific,Het3,CP,RZ,SZ,CP24A,CC,PP2,1,CP24AXPP2_1,37
24,CPXPP,Heterospecific,Het3,CP,RZ,SZ,CP24A,CC,PP1,1,CP24AXPP1_3,35
24,CPXPP,Heterospecific,Het3,CP,RZ,SZ,CP24A,CC,PP2,1,CP24AXPP2_3,35
24,CPXPP,Heterospecific,Het3,CP,RZ,SZ,CP24A,CC,PP1,1,CP24AXPP1_1,31
24,CPXCC,Heterospecific,Het2,CP,SN,KZ,CP24B,CC,CC1,0.90682496,CP24BXCC1_5,44
24,CPXCC,Heterospecific,Het2,CP,SN,KZ,CP24B,CC,CC1,0.90682496,CP24BXCC1_6,42
24,CPXCC,Heterospecific,Het2,CP,SN,KZ,CP24B,CC,CC1,0.90682496,CP24BXCC1_2,41
24,CPXCC,Heterospecific,Het2,CP,SN,KZ,CP24B,CC,CC2,1,CP24BXCC2_4,41
24,CPXCC,Heterospecific,Het2,CP,SN,KZ,CP24B,CC,CC2,1,CP24BXCC2_5,41
24,CPXCC,Heterospecific,Het2,CP,SN,KZ,CP24B,CC,CC2,1,CP24BXCC2_6,40
24,CPXCC,Heterospecific,Het2,CP,SN,KZ,CP24B,CC,CC1,0.90682496,CP24BXCC1_3,39
24,CPXCC,Heterospecific,Het2,CP,SN,KZ,CP24B,CC,CC2,1,CP24BXCC2_1,39
24,CPXCC,Heterospecific,Het2,CP,SN,KZ,CP24B,CC,CC1,0.90682496,CP24BXCC1_1,39
24,CPXCC,Heterospecific,Het2,CP,SN,KZ,CP24B,CC,CC2,1,CP24BXCC2_2,38
24,CPXCC,Heterospecific,Het2,CP,SN,KZ,CP24B,CC,CC2,1,CP24BXCC2_3,38
24,CPXCC,Heterospecific,Het2,CP,SN,KZ,CP24B,CC,CC1,0.90682496,CP24BXCC1_4,29
24,CPXPP,Heterospecific,Het3,CP,SN,KZ,CP24B,CC,PP1,1,CP24BXPP1_2,43
24,CPXPP,Heterospecific,Het3,CP,SN,KZ,CP24B,CC,PP1,1,CP24BXPP1_4,43
24,CPXPP,Heterospecific,Het3,CP,SN,KZ,CP24B,CC,PP2,1,CP24BXPP2_6,43
24,CPXPP,Heterospecific,Het3,CP,SN,KZ,CP24B,CC,PP1,1,CP24BXPP1_3,39
24,CPXPP,Heterospecific,Het3,CP,SN,KZ,CP24B,CC,PP1,1,CP24BXPP1_6,38
24,CPXPP,Heterospecific,Het3,CP,SN,KZ,CP24B,CC,PP2,1,CP24BXPP2_5,38
24,CPXPP,Heterospecific,Het3,CP,SN,KZ,CP24B,CC,PP1,1,CP24BXPP1_1,37
24,CPXPP,Heterospecific,Het3,CP,SN,KZ,CP24B,CC,PP2,1,CP24BXPP2_4,37
24,CPXPP,Heterospecific,Het3,CP,SN,KZ,CP24B,CC,PP2,1,CP24BXPP2_2,37
24,CPXPP,Heterospecific,Het3,CP,SN,KZ,CP24B,CC,PP1,1,CP24BXPP1_5,36
24,CPXPP,Heterospecific,Het3,CP,SN,KZ,CP24B,CC,PP2,1,CP24BXPP2_3,36
24,CPXPP,Heterospecific,Het3,CP,SN,KZ,CP24B,CC,PP2,1,CP24BXPP2_1,28
24,PCXCC,Heterospecific,Het2,PC,KZ,SN,PC24A,CC,CC1,0.90682496,PC24AXCC1_3,43
24,PCXCC,Heterospecific,Het2,PC,KZ,SN,PC24A,CC,CC1,0.90682496,PC24AXCC1_4,41
24,PCXCC,Heterospecific,Het2,PC,KZ,SN,PC24A,CC,CC2,1,PC24AXCC2_3,40
24,PCXCC,Heterospecific,Het2,PC,KZ,SN,PC24A,CC,CC2,1,PC24AXCC2_2,39
24,PCXCC,Heterospecific,Het2,PC,KZ,SN,PC24A,CC,CC2,1,PC24AXCC2_5,39
24,PCXCC,Heterospecific,Het2,PC,KZ,SN,PC24A,CC,CC2,1,PC24AXCC2_4,39
24,PCXCC,Heterospecific,Het2,PC,KZ,SN,PC24A,CC,CC1,0.90682496,PC24AXCC1_6,38
24,PCXCC,Heterospecific,Het2,PC,KZ,SN,PC24A,CC,CC2,1,PC24AXCC2_1,37
24,PCXCC,Heterospecific,Het2,PC,KZ,SN,PC24A,CC,CC1,0.90682496,PC24AXCC1_1,36
24,PCXCC,Heterospecific,Het2,PC,KZ,SN,PC24A,CC,CC1,0.90682496,PC24AXCC1_2,35
24,PCXCC,Heterospecific,Het2,PC,KZ,SN,PC24A,CC,CC1,0.90682496,PC24AXCC1_5,32
24,PCXCC,Heterospecific,Het2,PC,KZ,SN,PC24A,CC,CC2,1,PC24AXCC2_6,29
24,PCXPP,Heterospecific,Het3,PC,KZ,SN,PC24A,CC,PP1,1,PC24AXPP1_3,46
24,PCXPP,Heterospecific,Het3,PC,KZ,SN,PC24A,CC,PP1,1,PC24AXPP1_6,43
24,PCXPP,Heterospecific,Het3,PC,KZ,SN,PC24A,CC,PP2,1,PC24AXPP2_3,43
24,PCXPP,Heterospecific,Het3,PC,KZ,SN,PC24A,CC,PP1,1,PC24AXPP1_4,42
24,PCXPP,Heterospecific,Het3,PC,KZ,SN,PC24A,CC,PP2,1,PC24AXPP2_1,37
24,PCXPP,Heterospecific,Het3,PC,KZ,SN,PC24A,CC,PP2,1,PC24AXPP2_4,37
24,PCXPP,Heterospecific,Het3,PC,KZ,SN,PC24A,CC,PP2,1,PC24AXPP2_2,36
24,PCXPP,Heterospecific,Het3,PC,KZ,SN,PC24A,CC,PP1,1,PC24AXPP1_5,35
24,PCXPP,Heterospecific,Het3,PC,KZ,SN,PC24A,CC,PP1,1,PC24AXPP1_1,34
24,PCXPP,Heterospecific,Het3,PC,KZ,SN,PC24A,CC,PP2,1,PC24AXPP2_6,31
24,PCXPP,Heterospecific,Het3,PC,KZ,SN,PC24A,CC,PP1,1,PC24AXPP1_2,31
24,PCXPP,Heterospecific,Het3,PC,KZ,SN,PC24A,CC,PP2,1,PC24AXPP2_5,31
24,PCXCC,Heterospecific,Het2,PC,SZ,RZ,PC24B,CC,CC2,1,PC24BXCC2_1,53
24,PCXCC,Heterospecific,Het2,PC,SZ,RZ,PC24B,CC,CC1,0.90682496,PC24BXCC1_4,51
24,PCXCC,Heterospecific,Het2,PC,SZ,RZ,PC24B,CC,CC1,0.90682496,PC24BXCC1_6,46
24,PCXCC,Heterospecific,Het2,PC,SZ,RZ,PC24B,CC,CC2,1,PC24BXCC2_6,45
24,PCXCC,Heterospecific,Het2,PC,SZ,RZ,PC24B,CC,CC1,0.90682496,PC24BXCC1_3,44
24,PCXCC,Heterospecific,Het2,PC,SZ,RZ,PC24B,CC,CC1,0.90682496,PC24BXCC1_2,41
24,PCXCC,Heterospecific,Het2,PC,SZ,RZ,PC24B,CC,CC2,1,PC24BXCC2_4,40
24,PCXCC,Heterospecific,Het2,PC,SZ,RZ,PC24B,CC,CC1,0.90682496,PC24BXCC1_5,39
24,PCXCC,Heterospecific,Het2,PC,SZ,RZ,PC24B,CC,CC2,1,PC24BXCC2_2,39
24,PCXCC,Heterospecific,Het2,PC,SZ,RZ,PC24B,CC,CC2,1,PC24BXCC2_3,38
24,PCXCC,Heterospecific,Het2,PC,SZ,RZ,PC24B,CC,CC1,0.90682496,PC24BXCC1_1,37
24,PCXCC,Heterospecific,Het2,PC,SZ,RZ,PC24B,CC,CC2,1,PC24BXCC2_5,37
24,PCXPP,Heterospecific,Het3,PC,SZ,RZ,PC24B,CC,PP1,1,PC24BXPP1_3,47
24,PCXPP,Heterospecific,Het3,PC,SZ,RZ,PC24B,CC,PP2,1,PC24BXPP2_3,43
24,PCXPP,Heterospecific,Het3,PC,SZ,RZ,PC24B,CC,PP1,1,PC24BXPP1_5,41
24,PCXPP,Heterospecific,Het3,PC,SZ,RZ,PC24B,CC,PP2,1,PC24BXPP2_4,39
24,PCXPP,Heterospecific,Het3,PC,SZ,RZ,PC24B,CC,PP2,1,PC24BXPP2_2,38
24,PCXPP,Heterospecific,Het3,PC,SZ,RZ,PC24B,CC,PP2,1,PC24BXPP2_6,38
24,PCXPP,Heterospecific,Het3,PC,SZ,RZ,PC24B,CC,PP1,1,PC24BXPP1_1,37
24,PCXPP,Heterospecific,Het3,PC,SZ,RZ,PC24B,CC,PP1,1,PC24BXPP1_2,37
24,PCXPP,Heterospecific,Het3,PC,SZ,RZ,PC24B,CC,PP2,1,PC24BXPP2_1,37
24,PCXPP,Heterospecific,Het3,PC,SZ,RZ,PC24B,CC,PP1,1,PC24BXPP1_6,36
24,PCXPP,Heterospecific,Het3,PC,SZ,RZ,PC24B,CC,PP2,1,PC24BXPP2_5,33
24,PCXPP,Heterospecific,Het3,PC,SZ,RZ,PC24B,CC,PP1,1,PC24BXPP1_4,31